650d45a6002f9d0a688c36163a4318a4	D_0__Bacteria	0.998191131119502
faaf8d5b53382d8eb814bc587585451c	D_0__Bacteria	0.9984299732739867
6aba56adf5aadcbd5d84018257259816	D_0__Bacteria	0.9977948580247143
e22ed3358c06d077f5e5fcae3bc7d728	D_0__Bacteria	0.9984253018049286
1881ea0aecf4b77675d59d14d186e4e8	D_0__Bacteria	0.997943799245074
4b890605df3d5a2fc3407995fb0af0f0	D_0__Bacteria	0.9982006235618269
926c07f609a3e02fd62f12af155d5522	D_0__Bacteria	0.998112890830527
e5f86409f4a5b9e40f6e4039db1a0662	D_0__Bacteria	0.99819578905791
d435fa88e8be942e7c03a8d95e294c5a	D_0__Bacteria	0.9983528742002779
1642103594b76aef4b343e9c7ca77c8c	D_0__Bacteria	0.9984437232676436
ef2f08e422caf6ee0690b3892a57eb9d	D_0__Bacteria	0.9982172055406852
aacb8cd4f75d69022cc21dda8ad1b23d	D_0__Bacteria	0.9981285972291711
19282910615ae6b1f815ea4696bc32ff	D_0__Bacteria	0.9984557400408556
402783a4e7025d67c6586078c6cb50f1	D_0__Bacteria	0.9984109142839233
1e1034301f58f19d7a214f5ecfbcddee	D_0__Bacteria	0.9979299706702065
98e26cdcd7cb5d0dfb25e4a0439f8c79	D_0__Bacteria	0.9981999217345385
9b5adedc90736b343691dd0bec9f0f75	D_0__Bacteria;D_1__Acidobacteria;D_2__Blastocatellia (Subgroup 4);D_3__Blastocatellales;D_4__Blastocatellaceae;D_5__Blastocatella;D_6__uncultured marine bacterium;D_7__;D_8__;D_9__;D_10__;D_11__;D_12__;D_13__;D_14__	0.998355243951401
19e2217ef99448f101a3eec83a8c35f9	D_0__Bacteria;D_1__Acidobacteria;D_2__Blastocatellia (Subgroup 4);D_3__Blastocatellales;D_4__Blastocatellaceae;D_5__Blastocatella;D_6__uncultured marine bacterium;D_7__;D_8__;D_9__;D_10__;D_11__;D_12__;D_13__;D_14__	0.9983359356472125
7418e5856b95341f1b17b45ae03d2000	D_0__Bacteria;D_1__Acidobacteria;D_2__Blastocatellia (Subgroup 4);D_3__Blastocatellales;D_4__Blastocatellaceae;D_5__Blastocatella;D_6__uncultured marine bacterium;D_7__;D_8__;D_9__;D_10__;D_11__;D_12__;D_13__;D_14__	0.9984773126891135
f258d6677e20dfb974550c350f6154a9	D_0__Bacteria;D_1__Bacteroidetes;D_2__Bacteroidia;D_3__Cytophagales;D_4__Amoebophilaceae;D_5__Candidatus Amoebophilus;D_6__uncultured Sphingobacteriales bacterium;D_7__;D_8__;D_9__;D_10__;D_11__;D_12__;D_13__;D_14__	0.7877555716548306
5ffe2b4cd7735a414d678dbfc751e7c2	D_0__Bacteria;D_1__Acidobacteria;D_2__Blastocatellia (Subgroup 4);D_3__Blastocatellales;D_4__Blastocatellaceae;D_5__Blastocatella;D_6__uncultured marine bacterium;D_7__;D_8__;D_9__;D_10__;D_11__;D_12__;D_13__;D_14__	0.9983888480365442
0be48acdd898cabcfe730e0de841c71a	D_0__Bacteria;D_1__Bacteroidetes;D_2__Bacteroidia;D_3__Cytophagales;D_4__Amoebophilaceae;D_5__Candidatus Amoebophilus	0.999999999999825
13732ad2fc1162f10ab6a6f677bc8c57	D_0__Bacteria;D_1__Proteobacteria;D_2__Gammaproteobacteria;D_3__Oceanospirillales;D_4__Halomonadaceae;D_5__Halomonas	0.998520365981727
de1f515a5bf82b2b4253a673e5882a2b	D_0__Bacteria;D_1__Cyanobacteria;D_2__Oxyphotobacteria;D_3__Phormidesmiales;D_4__Phormidesmiaceae;D_5__Acrophormium PCC-7375;Ambiguous_taxa;D_7__;D_8__;D_9__;D_10__;D_11__;D_12__;D_13__;D_14__	0.779929196221631
434bc0a2af81c19c8b46384c1585c175	D_0__Bacteria;D_1__Bacteroidetes;D_2__Bacteroidia;D_3__Cytophagales;D_4__Amoebophilaceae;D_5__Candidatus Amoebophilus	0.9999999999998485
56642c48f04a2783ec3b5c71ba21cc8c	D_0__Bacteria;D_1__Acidobacteria;D_2__Blastocatellia (Subgroup 4);D_3__Blastocatellales;D_4__Blastocatellaceae;D_5__Blastocatella;D_6__uncultured marine bacterium;D_7__;D_8__;D_9__;D_10__;D_11__;D_12__;D_13__;D_14__	0.9982145069675198
ff483ad16b9d569407e0e22c112502b6	D_0__Bacteria;D_1__Cyanobacteria;D_2__Oxyphotobacteria;D_3__Phormidesmiales;D_4__Phormidesmiaceae;D_5__Acrophormium PCC-7375;Ambiguous_taxa;D_7__;D_8__;D_9__;D_10__;D_11__;D_12__;D_13__;D_14__	0.7798942007889839
b3f17adcaca9a0ab7fb2ae977f91d62a	D_0__Bacteria;D_1__Cyanobacteria;D_2__Oxyphotobacteria;D_3__Nostocales;D_4__Paraspirulinaceae;D_5__Spirulina DRTO-55.2;D_6__uncultured bacterium;D_7__;D_8__;D_9__;D_10__;D_11__;D_12__;D_13__;D_14__	0.9633708073827725
03b73d9065a9f0dfdd6834715dbde5d9	D_0__Bacteria;D_1__Proteobacteria;D_2__Alphaproteobacteria;D_3__Rhodobacterales;D_4__Rhodobacteraceae	0.9999354937118506
4891d5b762c63837b653050ff29bd253	D_0__Bacteria;D_1__Bacteroidetes;D_2__Bacteroidia;D_3__Cytophagales;D_4__Cyclobacteriaceae;D_5__Fulvivirga;Ambiguous_taxa;D_7__;D_8__;D_9__;D_10__;D_11__;D_12__;D_13__;D_14__	0.9608255480473524
2a44da92031e96fbe0ad1290774e5299	D_0__Bacteria;D_1__Cyanobacteria;D_2__Oxyphotobacteria;D_3__Phormidesmiales;D_4__Phormidesmiaceae;D_5__Acrophormium PCC-7375;D_6__uncultured bacterium;D_7__;D_8__;D_9__;D_10__;D_11__;D_12__;D_13__;D_14__	0.8503433328216657
82466199ab6655da5668e47dc0e887ab	D_0__Bacteria;D_1__Proteobacteria;D_2__Alphaproteobacteria;D_3__Caulobacterales;D_4__Hyphomonadaceae;D_5__uncultured	0.7929613295914589
c80d52eefef65e97e0b3a04f639c86a5	D_0__Bacteria;D_1__Bacteroidetes;D_2__Bacteroidia;D_3__Chitinophagales;D_4__Saprospiraceae;D_5__Portibacter;D_6__uncultured Bacteroidetes bacterium;D_7__;D_8__;D_9__;D_10__;D_11__;D_12__;D_13__;D_14__	0.9136115673575415
1fc5a827dda82b36d9da84016480225e	D_0__Bacteria;D_1__Cyanobacteria;D_2__Oxyphotobacteria	0.9998961042223713
56ee5e1770ded6de5fd744d4aeed9151	D_0__Bacteria;D_1__Bacteroidetes;D_2__Bacteroidia;D_3__Cytophagales;D_4__Amoebophilaceae;D_5__uncultured;D_6__uncultured Sphingobacteriales bacterium;D_7__;D_8__;D_9__;D_10__;D_11__;D_12__;D_13__;D_14__	0.9999966972660672
d4bc36b340c5eb89fd5630a43d6a211f	D_0__Bacteria;D_1__Bacteroidetes;D_2__Bacteroidia;D_3__Cytophagales;D_4__Amoebophilaceae;D_5__Candidatus Amoebophilus;D_6__uncultured Sphingobacteriales bacterium;D_7__;D_8__;D_9__;D_10__;D_11__;D_12__;D_13__;D_14__	0.7852201638893136
389d72a723ae717942ca21ad0c1f0361	D_0__Bacteria;D_1__Bacteroidetes;D_2__Bacteroidia;D_3__Cytophagales;D_4__Amoebophilaceae;D_5__uncultured;D_6__uncultured Sphingobacteriales bacterium;D_7__;D_8__;D_9__;D_10__;D_11__;D_12__;D_13__;D_14__	0.9999966972661951
f75f722bbe6e8885ad005a20d0374df3	D_0__Bacteria;D_1__Bacteroidetes;D_2__Bacteroidia;D_3__Cytophagales;D_4__Amoebophilaceae;D_5__uncultured;D_6__uncultured Sphingobacteriales bacterium;D_7__;D_8__;D_9__;D_10__;D_11__;D_12__;D_13__;D_14__	0.9999966810104095
4c340d1f71979429cc61c5fa4e73b360	D_0__Bacteria;D_1__Acidobacteria;D_2__Blastocatellia (Subgroup 4);D_3__Blastocatellales;D_4__Blastocatellaceae;D_5__Blastocatella;D_6__uncultured marine bacterium;D_7__;D_8__;D_9__;D_10__;D_11__;D_12__;D_13__;D_14__	0.9983945667508546
5953ca03a9c07a827c1c576a09fc2015	D_0__Bacteria;D_1__Proteobacteria;D_2__Gammaproteobacteria;D_3__Oceanospirillales;D_4__Halomonadaceae;D_5__Halomonas	0.99848387679359
6e63c5a2d03b38da26101fb15001da59	D_0__Bacteria;D_1__Bacteroidetes;D_2__Bacteroidia;D_3__Cytophagales;D_4__Cyclobacteriaceae;D_5__Fulvivirga	0.9996508687998648
ef8bc0db0b2bcbc8c02bb1d6421d1409	D_0__Bacteria;D_1__Proteobacteria;D_2__Gammaproteobacteria;D_3__Pseudomonadales;D_4__Pseudomonadaceae;D_5__Pseudomonas	0.9738822142589301
435205e36a993def2c4064f7c42ff474	D_0__Bacteria;D_1__Acidobacteria;D_2__Blastocatellia (Subgroup 4);D_3__Blastocatellales;D_4__Blastocatellaceae;D_5__Blastocatella;D_6__uncultured marine bacterium;D_7__;D_8__;D_9__;D_10__;D_11__;D_12__;D_13__;D_14__	0.9849730548802346
a3e204c7c3381713dfaebcffbab72fb6	D_0__Bacteria;D_1__Verrucomicrobia;D_2__Verrucomicrobiae;D_3__Verrucomicrobiales;D_4__Rubritaleaceae;D_5__Rubritalea;D_6__Rubritalea sp. YM29-130;D_7__;D_8__;D_9__;D_10__;D_11__;D_12__;D_13__;D_14__	0.7994931267991388
5b639893e77f8328fbd934e2d7688de3	D_0__Bacteria;D_1__Bacteroidetes;D_2__Bacteroidia;D_3__Cytophagales;D_4__Amoebophilaceae;D_5__Candidatus Amoebophilus;D_6__uncultured Sphingobacteriales bacterium;D_7__;D_8__;D_9__;D_10__;D_11__;D_12__;D_13__;D_14__	0.7474905625735515
f7ae3951747a745e675b9db12aaf323c	D_0__Bacteria;D_1__Bacteroidetes;D_2__Bacteroidia;D_3__Cytophagales;D_4__Amoebophilaceae;D_5__Candidatus Amoebophilus	0.9999999999998228
05f4907373c4fa3644f5c8a02edcd248	D_0__Bacteria;D_1__Proteobacteria;D_2__Alphaproteobacteria;D_3__Caulobacterales;D_4__Hyphomonadaceae;D_5__Oceanicaulis;D_6__uncultured alpha proteobacterium;D_7__;D_8__;D_9__;D_10__;D_11__;D_12__;D_13__;D_14__	0.9116711474291114
93781f7a185e0f4f27819de084062ae3	D_0__Bacteria;D_1__Bacteroidetes;D_2__Bacteroidia;D_3__Cytophagales;D_4__Cyclobacteriaceae;D_5__Reichenbachiella;D_6__uncultured Flammeovirgaceae bacterium;D_7__;D_8__;D_9__;D_10__;D_11__;D_12__;D_13__;D_14__	0.9999074014510643
eabc9b34618243fd75a3d16b37adc408	D_0__Bacteria;D_1__Cyanobacteria;D_2__Oxyphotobacteria;D_3__Phormidesmiales;D_4__Phormidesmiaceae;D_5__uncultured;D_6__uncultured bacterium;D_7__;D_8__;D_9__;D_10__;D_11__;D_12__;D_13__;D_14__	0.9374859418554604
bf4313872d84c9a43fe7bc290dda6ed3	D_0__Bacteria;D_1__Cyanobacteria;D_2__Oxyphotobacteria;D_3__Phormidesmiales;D_4__Phormidesmiaceae;D_5__Acrophormium PCC-7375	0.8443346471751406
516eda79d563b53f2926f3778aafc5f8	D_0__Bacteria;D_1__Proteobacteria;D_2__Alphaproteobacteria;D_3__Rhodobacterales;D_4__Rhodobacteraceae	0.999999491752367
3439ddfc004aa09963739e0c6f9da8fe	D_0__Bacteria;D_1__Proteobacteria;D_2__Alphaproteobacteria;D_3__Caulobacterales;D_4__Hyphomonadaceae;D_5__uncultured	0.9082035216486493
7ab67aaa8d4f9e42f1431b710c2b8a25	D_0__Bacteria;D_1__Cyanobacteria;D_2__Oxyphotobacteria;D_3__Phormidesmiales;D_4__Phormidesmiaceae	0.9999998503355374
431a0a723e7a95502208709bbea53760	D_0__Bacteria;D_1__Bacteroidetes;D_2__Bacteroidia;D_3__Cytophagales;D_4__Amoebophilaceae;D_5__Candidatus Amoebophilus	0.9999999999998506
5cdd0ebca579b2cf58486b59d9924288	D_0__Bacteria;D_1__Bacteroidetes;D_2__Bacteroidia;D_3__Cytophagales;D_4__Amoebophilaceae;D_5__Candidatus Amoebophilus	0.9999999999998506
e7aed8f3aae1438d0af742cd6756d56d	D_0__Bacteria;D_1__Bacteroidetes;D_2__Bacteroidia;D_3__Cytophagales;D_4__Amoebophilaceae;D_5__uncultured;D_6__uncultured deep-sea bacterium;D_7__;D_8__;D_9__;D_10__;D_11__;D_12__;D_13__;D_14__	0.7230119328214948
9bfb56835a9d2475dff18e19cbf09930	D_0__Bacteria;D_1__Cyanobacteria;D_2__Oxyphotobacteria	0.9996697697456474
b9663e7bdec51230324bbf82dd910b4b	D_0__Bacteria;D_1__Proteobacteria;D_2__Gammaproteobacteria;D_3__Cellvibrionales;D_4__Halieaceae	0.9999999096901204
11a24a7188e4a43c37218175be21d092	D_0__Bacteria;D_1__Cyanobacteria;D_2__Oxyphotobacteria;D_3__Phormidesmiales;D_4__Phormidesmiaceae;D_5__Acrophormium PCC-7375;Ambiguous_taxa;D_7__;D_8__;D_9__;D_10__;D_11__;D_12__;D_13__;D_14__	0.7799291962255435
24448b259f8f5e6791917be4464a219a	D_0__Bacteria;D_1__Bacteroidetes;D_2__Bacteroidia;D_3__Flavobacteriales;D_4__Flavobacteriaceae;D_5__Muricauda;D_6__mucus bacterium 106;D_7__;D_8__;D_9__;D_10__;D_11__;D_12__;D_13__;D_14__	0.901168357008401
522c1a63fd562ff58bf970cc4fa6c535	D_0__Bacteria;D_1__Proteobacteria;D_2__Gammaproteobacteria;D_3__Pseudomonadales;D_4__Pseudomonadaceae;D_5__Pseudomonas	0.9991626231284172
f439327d67e1aa7c7acbc865b5eb41e9	D_0__Bacteria;D_1__Bacteroidetes;D_2__Bacteroidia;D_3__Flavobacteriales;D_4__Flavobacteriaceae;D_5__Muricauda	0.9990468715407722
1fed244e2e465cf525a131a0b253ace0	D_0__Bacteria;D_1__Bacteroidetes;D_2__Bacteroidia;D_3__Chitinophagales;D_4__Saprospiraceae	0.9999995078835905
bb1410f1b948a85d153effdd206ecfb0	D_0__Bacteria;D_1__Acidobacteria;D_2__Blastocatellia (Subgroup 4);D_3__Blastocatellales;D_4__Blastocatellaceae;D_5__Blastocatella;D_6__uncultured marine bacterium;D_7__;D_8__;D_9__;D_10__;D_11__;D_12__;D_13__;D_14__	0.9986815088205908
6e9f2e3c8c1216cbada69ef8c5a3e49f	D_0__Bacteria;D_1__Cyanobacteria;D_2__Oxyphotobacteria;D_3__Phormidesmiales;D_4__Phormidesmiaceae	0.9999998587630473
68beabab9af787fb1d222ffd0bcecc76	D_0__Bacteria;D_1__Proteobacteria;D_2__Alphaproteobacteria;D_3__Rhodobacterales;D_4__Rhodobacteraceae;D_5__Shimia	0.9878213035034858
83973ca49d11f9a6feb078ae0e6509bf	D_0__Bacteria;D_1__Proteobacteria;D_2__Gammaproteobacteria	0.9996582638162995
3de22cca062ef3948da9302543898820	D_0__Bacteria;D_1__Bacteroidetes;D_2__Bacteroidia;D_3__Flavobacteriales;D_4__Flavobacteriaceae;D_5__Aquimarina	0.9872015885803083
090ceef00a356137fd6b436a1c3f594a	D_0__Bacteria;D_1__Cyanobacteria;D_2__Oxyphotobacteria	0.9999970626660825
c0021578f997ed93c0a103655fe7522d	D_0__Bacteria;D_1__Bacteroidetes;D_2__Bacteroidia;D_3__Cytophagales;D_4__Amoebophilaceae;D_5__uncultured	0.999945430493649
dcdcbfbe096eec7f70f08e6e05ab9e14	D_0__Bacteria;D_1__Cyanobacteria;D_2__Oxyphotobacteria;D_3__Phormidesmiales;D_4__Phormidesmiaceae;D_5__Acrophormium PCC-7375	0.8989370759110278
21e39a2d0cdf3ce8d571a234deefe3b8	D_0__Bacteria;D_1__Proteobacteria;D_2__Alphaproteobacteria;D_3__Rhodobacterales;D_4__Rhodobacteraceae	0.9972137438383297
28e2d3f970fcbd8a07b866d4d3c1e166	D_0__Bacteria;D_1__Proteobacteria;D_2__Gammaproteobacteria;D_3__Alteromonadales;D_4__Alteromonadaceae	0.9999999968447697
bad355be2755a154ecbbf87e2d1f6684	D_0__Bacteria;D_1__Acidobacteria;D_2__Blastocatellia (Subgroup 4);D_3__Blastocatellales;D_4__Blastocatellaceae;D_5__Blastocatella;D_6__uncultured marine bacterium;D_7__;D_8__;D_9__;D_10__;D_11__;D_12__;D_13__;D_14__	0.9985334196334349
0d146a0f47157be5c9396b27651d637c	D_0__Bacteria;D_1__Bacteroidetes;D_2__Bacteroidia;D_3__Cytophagales;D_4__Amoebophilaceae;D_5__Candidatus Amoebophilus;D_6__uncultured Sphingobacteriales bacterium;D_7__;D_8__;D_9__;D_10__;D_11__;D_12__;D_13__;D_14__	0.8280971890071177
d38e52b2f6db93bb629f82cf4739dab5	D_0__Bacteria;D_1__Bacteroidetes;D_2__Bacteroidia;D_3__Cytophagales;D_4__Amoebophilaceae;D_5__uncultured;D_6__uncultured Sphingobacteriales bacterium;D_7__;D_8__;D_9__;D_10__;D_11__;D_12__;D_13__;D_14__	0.9999971126367957
e217da2a83c1efa631ae4bd7c2c82dbe	D_0__Bacteria;D_1__Acidobacteria;D_2__Blastocatellia (Subgroup 4);D_3__Blastocatellales;D_4__Blastocatellaceae;D_5__Blastocatella;D_6__uncultured marine bacterium;D_7__;D_8__;D_9__;D_10__;D_11__;D_12__;D_13__;D_14__	0.998543561358432
7aea78e99f249fdf79bb55994794ab1b	D_0__Bacteria;D_1__Proteobacteria;D_2__Alphaproteobacteria;D_3__Rhodobacterales;D_4__Rhodobacteraceae;D_5__Shimia	0.9896370516056627
fa0a593be31383ef211f9a2b9f8d0ddb	D_0__Bacteria;D_1__Cyanobacteria;D_2__Oxyphotobacteria;D_3__Nostocales;D_4__Nostocales Incertae Sedis;D_5__Hormoscilla SI04-45	0.9999995329424198
09ae244c1f7d158c2161fd64a93fe907	D_0__Bacteria;D_1__Proteobacteria;D_2__Alphaproteobacteria;D_3__Rhodobacterales;D_4__Rhodobacteraceae	0.9965419251430523
73eb9f670085116f97d0ed760db88386	D_0__Bacteria;D_1__Bacteroidetes;D_2__Bacteroidia;D_3__Cytophagales;D_4__Amoebophilaceae;D_5__uncultured;D_6__uncultured deep-sea bacterium;D_7__;D_8__;D_9__;D_10__;D_11__;D_12__;D_13__;D_14__	0.8364894984356464
4d4f5c7f0306cab860cc59f472edc3b0	D_0__Bacteria;D_1__Proteobacteria;D_2__Alphaproteobacteria;D_3__Rhodobacterales;D_4__Rhodobacteraceae	0.9819498840773895
f25f11284d81d6d48e59ef071cb25c21	D_0__Bacteria;D_1__Bacteroidetes;D_2__Bacteroidia;D_3__Flavobacteriales;D_4__Flavobacteriaceae;D_5__Winogradskyella	0.9991272750622348
65ee410d44041975774641b65dc60385	D_0__Bacteria;D_1__Cyanobacteria;D_2__Oxyphotobacteria;D_3__Nostocales;D_4__Nostocales Incertae Sedis;D_5__Hormoscilla SI04-45;D_6__uncultured Hormoscilla sp.;D_7__;D_8__;D_9__;D_10__;D_11__;D_12__;D_13__;D_14__	0.8086088237019742
a3e68ef1972af3e2a8bb284ca9f30b9a	D_0__Bacteria;D_1__Bacteroidetes;D_2__Bacteroidia;D_3__Flavobacteriales;D_4__Flavobacteriaceae;D_5__Aureicoccus;Ambiguous_taxa;D_7__;D_8__;D_9__;D_10__;D_11__;D_12__;D_13__;D_14__	0.9999997074214948
7ee143ceb2cb189262b9b33cbed3adf7	D_0__Bacteria;D_1__Proteobacteria;D_2__Alphaproteobacteria;D_3__Sphingomonadales;D_4__Sphingomonadaceae;D_5__Erythrobacter	0.776488824773984
65cf133ba219b1c5aea61afa0301377b	D_0__Bacteria;D_1__Proteobacteria;D_2__Alphaproteobacteria;D_3__Rhodobacterales;D_4__Rhodobacteraceae;D_5__uncultured	0.8198288398969956
2dc6ef550e3d795998c2359924b51bdc	D_0__Bacteria;D_1__Proteobacteria;D_2__Alphaproteobacteria;D_3__Rhizobiales	0.7485460695908214
f62161dde14d4e6754cc9dda8eab3b26	D_0__Bacteria;D_1__Bacteroidetes;D_2__Bacteroidia;D_3__Cytophagales;D_4__Cyclobacteriaceae;D_5__uncultured;D_6__uncultured Fulvivirga sp.;D_7__;D_8__;D_9__;D_10__;D_11__;D_12__;D_13__;D_14__	0.9978993504170653
7fa9821e3abf33ade4c796bee90ec03e	D_0__Bacteria;D_1__Bacteroidetes;D_2__Bacteroidia;D_3__Cytophagales;D_4__Cyclobacteriaceae;D_5__Fabibacter	0.9997221406429522
4427dd37c30e35909bd2227cb1fa7f7f	D_0__Bacteria;D_1__Bacteroidetes;D_2__Bacteroidia;D_3__Cytophagales;D_4__Cyclobacteriaceae;D_5__Fulvivirga	0.8065880717548977
ca29e5cd9eb811afde47ebca6c62ac8a	D_0__Bacteria;D_1__Bacteroidetes;D_2__Bacteroidia;D_3__Cytophagales;D_4__Amoebophilaceae;D_5__Candidatus Amoebophilus;D_6__uncultured Sphingobacteriales bacterium;D_7__;D_8__;D_9__;D_10__;D_11__;D_12__;D_13__;D_14__	0.8181988701163552
8036ab05cc9c29492deda07901948994	D_0__Bacteria;D_1__Bacteroidetes;D_2__Bacteroidia;D_3__Cytophagales;D_4__Amoebophilaceae;D_5__uncultured;D_6__uncultured deep-sea bacterium;D_7__;D_8__;D_9__;D_10__;D_11__;D_12__;D_13__;D_14__	0.9780364305643926
1e7a4ee394702cdad4345dc21b4f048f	D_0__Bacteria;D_1__Spirochaetes;D_2__metagenome;D_3__;D_4__;D_5__;D_6__;D_7__;D_8__;D_9__;D_10__;D_11__;D_12__;D_13__;D_14__	0.8858487358024294
de23ca9a0fdbabff147a1109898f625b	D_0__Bacteria;D_1__Proteobacteria;D_2__Alphaproteobacteria;D_3__Rhodovibrionales;D_4__Kiloniellaceae;D_5__Tistlia	0.9999985748768221
38a5f73b10e53432d3b666db6526ec04	D_0__Bacteria;D_1__Proteobacteria;D_2__Gammaproteobacteria;D_3__Alteromonadales;D_4__Shewanellaceae;D_5__Shewanella	0.9999798357360316
c549b70b4f91e826925422569faf124c	D_0__Bacteria;D_1__Cyanobacteria;D_2__Oxyphotobacteria;D_3__Nostocales;D_4__Nostocaceae;D_5__Rivularia PCC-7116;D_6__uncultured bacterium;D_7__;D_8__;D_9__;D_10__;D_11__;D_12__;D_13__;D_14__	0.8494677691777575
201e7c80c02dc6f63c83906b1eb6690e	D_0__Bacteria;D_1__Cyanobacteria;D_2__Oxyphotobacteria;D_3__Phormidesmiales;D_4__Phormidesmiaceae;D_5__Acrophormium PCC-7375	0.8459323713800052
0541298f2dea4c0d89540125d09b0701	D_0__Bacteria;D_1__Proteobacteria;D_2__Alphaproteobacteria;D_3__Rhodobacterales;D_4__Rhodobacteraceae	0.9970179125212412
7c3726f167bac5df39649d761fd204d1	D_0__Bacteria;D_1__Bacteroidetes;D_2__Bacteroidia;D_3__Cytophagales;D_4__Cyclobacteriaceae;D_5__Imperialibacter;D_6__uncultured bacterium;D_7__;D_8__;D_9__;D_10__;D_11__;D_12__;D_13__;D_14__	0.9091992643995987
dd99b6c7dfdad77ca5948ee5cc02fb42	D_0__Bacteria;D_1__Bacteroidetes;D_2__Bacteroidia;D_3__Cytophagales;D_4__Amoebophilaceae;D_5__Candidatus Amoebophilus;D_6__uncultured Sphingobacteriales bacterium;D_7__;D_8__;D_9__;D_10__;D_11__;D_12__;D_13__;D_14__	0.782409439326446
82d523799714df5489a0801af218ee8f	D_0__Bacteria;D_1__Bacteroidetes;D_2__Bacteroidia;D_3__Flavobacteriales;D_4__Flavobacteriaceae;D_5__Aureicoccus;Ambiguous_taxa;D_7__;D_8__;D_9__;D_10__;D_11__;D_12__;D_13__;D_14__	0.9999997077436974
ca988b3cd717987977a48f8ec0694a0d	D_0__Bacteria;D_1__Bacteroidetes;D_2__Bacteroidia;D_3__Cytophagales;D_4__Amoebophilaceae;D_5__uncultured;D_6__uncultured deep-sea bacterium;D_7__;D_8__;D_9__;D_10__;D_11__;D_12__;D_13__;D_14__	0.9592315536557079
13a94f601facf40f03eca02bfa48eb87	D_0__Bacteria;D_1__Proteobacteria;D_2__Alphaproteobacteria;D_3__Thalassobaculales;D_4__uncultured;D_5__uncultured organism;D_6__;D_7__;D_8__;D_9__;D_10__;D_11__;D_12__;D_13__;D_14__	0.7432996690843254
6f89184a9960584c15b2f4a837ed7b33	D_0__Bacteria;D_1__Proteobacteria;D_2__Alphaproteobacteria;D_3__Caulobacterales;D_4__Parvularculaceae;D_5__Parvularcula;D_6__uncultured organism;D_7__;D_8__;D_9__;D_10__;D_11__;D_12__;D_13__;D_14__	0.7227411011080983
c8049e91e66cacd20035bb71224be0dc	D_0__Bacteria;D_1__Cyanobacteria;D_2__Oxyphotobacteria;D_3__Phormidesmiales;D_4__Nodosilineaceae;D_5__uncultured;D_6__uncultured bacterium;D_7__;D_8__;D_9__;D_10__;D_11__;D_12__;D_13__;D_14__	0.9994633810723935
6812154ecf57a8e2ac96496ed46e26ab	D_0__Bacteria;D_1__Bacteroidetes;D_2__Bacteroidia;D_3__Flavobacteriales;D_4__Flavobacteriaceae	0.999999927358996
6bfe73807e22ed8d8934edd15442a0f5	D_0__Bacteria;D_1__Bacteroidetes;D_2__Bacteroidia;D_3__Cytophagales;D_4__Cyclobacteriaceae;D_5__Fulvivirga;Ambiguous_taxa;D_7__;D_8__;D_9__;D_10__;D_11__;D_12__;D_13__;D_14__	0.964822216492705
dc316fe80a289d6c42ead5546da90a4a	D_0__Bacteria;D_1__Cyanobacteria;D_2__Oxyphotobacteria;D_3__Phormidesmiales;D_4__Phormidesmiaceae;D_5__Acrophormium PCC-7375;D_6__uncultured bacterium;D_7__;D_8__;D_9__;D_10__;D_11__;D_12__;D_13__;D_14__	0.8484755110058084
372a5fcb951dd054cfd84988aaad3df1	D_0__Bacteria;D_1__Cyanobacteria;D_2__Oxyphotobacteria;D_3__Nostocales;D_4__Paraspirulinaceae;D_5__Spirulina DRTO-55.2;D_6__uncultured bacterium;D_7__;D_8__;D_9__;D_10__;D_11__;D_12__;D_13__;D_14__	0.9631640932115393
adcfce365c502d107c2c91b1c066c981	D_0__Bacteria;D_1__Cyanobacteria;D_2__Oxyphotobacteria	0.9999900327918386
6a57d14aba9915df97b5000508a2a70a	D_0__Bacteria;D_1__Bacteroidetes;D_2__Bacteroidia;D_3__Cytophagales;D_4__Amoebophilaceae;D_5__Candidatus Amoebophilus	0.9999999999998318
9783273e26f811a6f12832bb9dc5f929	D_0__Bacteria;D_1__Bacteroidetes;D_2__Bacteroidia;D_3__Flavobacteriales;D_4__Flavobacteriaceae;D_5__Tenacibaculum	0.9865878727109013
a0d178714a029526024f3c2cad85932b	D_0__Bacteria;D_1__Cyanobacteria;D_2__Oxyphotobacteria	0.9999923120558843
aa919191515599c3868c3cd52feea80d	D_0__Bacteria;D_1__Proteobacteria;D_2__Alphaproteobacteria;D_3__Kordiimonadales;D_4__Kordiimonadaceae;D_5__Kordiimonas	0.9996662167336937
16d37be00bce828c476c8c8ab3754263	D_0__Bacteria;D_1__Bacteroidetes;D_2__Bacteroidia;D_3__Cytophagales;D_4__Cyclobacteriaceae;D_5__Ekhidna;D_6__uncultured Flammeovirgaceae bacterium;D_7__;D_8__;D_9__;D_10__;D_11__;D_12__;D_13__;D_14__	0.9999912983286825
d03ffe3a2f08b8ecdebd63c8922410b2	D_0__Bacteria;D_1__Proteobacteria;D_2__Alphaproteobacteria;D_3__Caulobacterales;D_4__Parvularculaceae;D_5__Parvularcula;D_6__uncultured organism;D_7__;D_8__;D_9__;D_10__;D_11__;D_12__;D_13__;D_14__	0.7513377164666953
8fa57c31b6414750bdc64375b97063f3	D_0__Bacteria;D_1__Proteobacteria;D_2__Gammaproteobacteria;D_3__Cellvibrionales;D_4__Halieaceae	0.9999988183881048
f417c95db428b0dca8922d29e1342865	D_0__Bacteria;D_1__Proteobacteria;D_2__Alphaproteobacteria;D_3__Caulobacterales;D_4__Hyphomonadaceae;D_5__uncultured	0.7736769169687203
73c65a2e44b17f5a5ba71e2114ca87d7	D_0__Bacteria;D_1__Bacteroidetes;D_2__Bacteroidia;D_3__Cytophagales;D_4__Cyclobacteriaceae;D_5__Imperialibacter;D_6__uncultured bacterium;D_7__;D_8__;D_9__;D_10__;D_11__;D_12__;D_13__;D_14__	0.9917349219850261
28fd94e0dc7f12562676e84f4a75b5f3	D_0__Bacteria;D_1__Bacteroidetes;D_2__Bacteroidia;D_3__Flavobacteriales;D_4__Flavobacteriaceae;D_5__Polaribacter 4;D_6__Polaribacter sp. KJ034;D_7__;D_8__;D_9__;D_10__;D_11__;D_12__;D_13__;D_14__	0.8263656466034909
c23ce2d26d05c0d6233d6eda6d21f4eb	D_0__Bacteria;D_1__Cyanobacteria;D_2__Oxyphotobacteria	0.9999910492485052
e801c1d5ad26d129d5597a340b1c6eea	D_0__Bacteria;D_1__Proteobacteria;D_2__Gammaproteobacteria	0.9999996501209626
2b50d84a62ab4493cf413acd86982630	D_0__Bacteria;D_1__Proteobacteria;D_2__Gammaproteobacteria;D_3__Pseudomonadales;D_4__Pseudomonadaceae;D_5__Pseudomonas	0.9738726734601932
6df61ec0117fa9ee2c86f97b35ee63c4	D_0__Bacteria;D_1__Bacteroidetes;D_2__Bacteroidia;D_3__Flavobacteriales;D_4__Flavobacteriaceae;D_5__Muricauda;D_6__Muricauda sp. EF1B-B200;D_7__;D_8__;D_9__;D_10__;D_11__;D_12__;D_13__;D_14__	0.9784919624257711
a44f9785f89f97cd70eb98bd4616ed1f	D_0__Bacteria;D_1__Bacteroidetes;D_2__Bacteroidia;D_3__Cytophagales;D_4__Amoebophilaceae;D_5__Candidatus Amoebophilus	0.9999871879524116
bc94ca087ddbfe2652ce0d8403e0b0e7	D_0__Bacteria;D_1__Acidobacteria;D_2__Blastocatellia (Subgroup 4);D_3__Blastocatellales;D_4__Blastocatellaceae;D_5__Blastocatella;D_6__uncultured marine bacterium;D_7__;D_8__;D_9__;D_10__;D_11__;D_12__;D_13__;D_14__	0.9986566826059998
fc3243a0104bc7fecaafdcd89f9372ae	D_0__Bacteria;D_1__Bacteroidetes;D_2__Bacteroidia;D_3__Cytophagales;D_4__Amoebophilaceae;D_5__Candidatus Amoebophilus	0.9999999999998237
90b2e97acb9e54543e86e55948a3b4d0	D_0__Bacteria	0.999248396796755
10dedec3b7a43cbbdbf7de03e2adabad	D_0__Bacteria;D_1__Bacteroidetes;D_2__Bacteroidia;D_3__Chitinophagales;D_4__Saprospiraceae	0.9999765772151812
da17d940a9a21e2ebd4dab9cd70437ab	D_0__Bacteria;D_1__Planctomycetes;D_2__Planctomycetacia;D_3__Pirellulales;D_4__Pirellulaceae;D_5__Bythopirellula	0.9850022478104721
3b75c045f6c979fc47d9e14ebc2ea342	D_0__Bacteria;D_1__Bacteroidetes;D_2__Bacteroidia;D_3__Cytophagales;D_4__Amoebophilaceae;D_5__Candidatus Amoebophilus;D_6__uncultured Sphingobacteriales bacterium;D_7__;D_8__;D_9__;D_10__;D_11__;D_12__;D_13__;D_14__	0.7355908089608834
54c71839b1e211ee875f37cbcb9c6e8c	D_0__Bacteria;D_1__Proteobacteria;D_2__Alphaproteobacteria;D_3__Caulobacterales;D_4__Hyphomonadaceae;D_5__uncultured	0.8127409091179172
4a865380c3f7b735f87931a0e796c4fe	D_0__Bacteria;D_1__Proteobacteria;D_2__Alphaproteobacteria;D_3__Rhodovibrionales;D_4__Kiloniellaceae;D_5__Tistlia;D_6__uncultured Pelagibius sp.;D_7__;D_8__;D_9__;D_10__;D_11__;D_12__;D_13__;D_14__	0.7467356915890974
9d336f859a90af1f937093f725d2d00d	D_0__Bacteria;D_1__Spirochaetes;D_2__Spirochaetia;D_3__Spirochaetales;D_4__Spirochaetaceae;D_5__Spirochaeta 2;D_6__uncultured Spirochaeta sp.;D_7__;D_8__;D_9__;D_10__;D_11__;D_12__;D_13__;D_14__	0.8952648152809051
37540b793879cb44f02229a73b78bdbe	D_0__Bacteria;D_1__Proteobacteria;D_2__Alphaproteobacteria;D_3__Rhizobiales;D_4__Rhizobiaceae;D_5__Mesorhizobium	0.9477898093297504
289b7a8087f38532aee5348a3aaf47e8	D_0__Bacteria;D_1__Proteobacteria;D_2__Alphaproteobacteria;D_3__Micavibrionales;D_4__Micavibrionaceae;D_5__uncultured;D_6__unidentified marine bacterioplankton;D_7__;D_8__;D_9__;D_10__;D_11__;D_12__;D_13__;D_14__	0.9975869328044425
34538a54d554ce605eb535919b18dd2d	D_0__Bacteria;D_1__Cyanobacteria;D_2__Oxyphotobacteria;D_3__Nostocales;D_4__Nostocales Incertae Sedis;D_5__Hormoscilla SI04-45;D_6__uncultured Hormoscilla sp.;D_7__;D_8__;D_9__;D_10__;D_11__;D_12__;D_13__;D_14__	0.8086088229199067
50032cff7f922a3cc3b4e0d959254443	D_0__Bacteria;D_1__Proteobacteria;D_2__Alphaproteobacteria;D_3__Caulobacterales;D_4__Hyphomonadaceae;D_5__uncultured	0.7525840499405351
d5f8eef309426faa40d65ab21fb603e2	D_0__Bacteria;D_1__Chloroflexi;D_2__Anaerolineae;D_3__SBR1031	0.8538815231809201
1bef8fb4640cd1863eea0ac644bb0100	D_0__Bacteria;D_1__Cyanobacteria;D_2__Oxyphotobacteria;D_3__Phormidesmiales;D_4__Phormidesmiaceae	0.9993219828239005
65a380732da8c5b2090345c1657dfb3e	D_0__Bacteria;D_1__Bacteroidetes;D_2__Bacteroidia;D_3__Cytophagales;D_4__Cyclobacteriaceae;D_5__Fulvivirga	0.9994088658397046
c713451ab9fdbe7dbf2d061cb62ccf2a	D_0__Bacteria;D_1__Cyanobacteria;D_2__Oxyphotobacteria;D_3__Nostocales;D_4__Nostocales Incertae Sedis;D_5__Hormoscilla SI04-45;D_6__uncultured Hormoscilla sp.;D_7__;D_8__;D_9__;D_10__;D_11__;D_12__;D_13__;D_14__	0.7985859299447683
af07e16d22ab7a48473680c42dbecd9b	D_0__Bacteria;D_1__Proteobacteria;D_2__Alphaproteobacteria;D_3__Kordiimonadales;D_4__Kordiimonadaceae;D_5__Kordiimonas	0.9997829837767295
37f486659527ef628bd77d3494fc879d	D_0__Bacteria;D_1__Verrucomicrobia;D_2__Verrucomicrobiae;D_3__Verrucomicrobiales;D_4__Rubritaleaceae;D_5__Rubritalea	0.9999999415581514
befd66aa9cb487ec681d4776357847a9	D_0__Bacteria;D_1__Proteobacteria;D_2__Gammaproteobacteria;D_3__Tenderiales;D_4__Tenderiaceae;D_5__Candidatus Tenderia;D_6__uncultured gamma proteobacterium;D_7__;D_8__;D_9__;D_10__;D_11__;D_12__;D_13__;D_14__	0.8866128157127322
7433ccb9fcf70d4ac7227c153b0f11d2	D_0__Bacteria;D_1__Planctomycetes;D_2__Planctomycetacia;D_3__Pirellulales;D_4__Pirellulaceae;D_5__Pir4 lineage	0.9998338483794653
c9c5911f2369528107f338135445bbc1	D_0__Bacteria;D_1__Bacteroidetes;D_2__Bacteroidia;D_3__Cytophagales;D_4__Amoebophilaceae;D_5__Candidatus Amoebophilus	0.9999999999998881
cc0db4bfc5b1019700912e6d99f6c05e	D_0__Bacteria;D_1__Bacteroidetes;D_2__Bacteroidia;D_3__Cytophagales;D_4__Amoebophilaceae;D_5__Candidatus Amoebophilus	0.9999999999997773
3703ea8afa7b652f571a66b1daab28bd	D_0__Bacteria;D_1__Bacteroidetes;D_2__Bacteroidia;D_3__Cytophagales;D_4__Cyclobacteriaceae;D_5__Imperialibacter;D_6__uncultured bacterium;D_7__;D_8__;D_9__;D_10__;D_11__;D_12__;D_13__;D_14__	0.9975024055349567
33437a410587940b58bfbe49f9f27432	D_0__Bacteria;D_1__Proteobacteria;D_2__Alphaproteobacteria;D_3__Rhizobiales;D_4__Rhizobiaceae;D_5__Mesorhizobium	0.9462278406809211
bd1e60de580266213695cb61d16f5ae0	D_0__Bacteria;D_1__Bacteroidetes;D_2__Bacteroidia;D_3__Flavobacteriales;D_4__Flavobacteriaceae;D_5__Wenyingzhuangia	0.7801904558784081
94dfd34b8b97c5ef5cc399d1b7f6a4ba	D_0__Bacteria;D_1__Bacteroidetes;D_2__Bacteroidia;D_3__Cytophagales;D_4__Cyclobacteriaceae;D_5__uncultured;D_6__uncultured Fulvivirga sp.;D_7__;D_8__;D_9__;D_10__;D_11__;D_12__;D_13__;D_14__	0.9976751330492619
68cf1c60dac820120e935cc18ef7d887	D_0__Bacteria;D_1__Planctomycetes;D_2__Planctomycetacia;D_3__Pirellulales;D_4__Pirellulaceae;D_5__Blastopirellula	0.9972001924927175
c94687b0c888abb38c99a090305c2a55	D_0__Bacteria;D_1__Proteobacteria;D_2__Gammaproteobacteria;D_3__Alteromonadales;D_4__Shewanellaceae;D_5__Shewanella	0.9999810665635586
40fcb28e39e65dde4dba12655139f48f	D_0__Bacteria;D_1__Proteobacteria;D_2__Gammaproteobacteria	0.9999999734139832
1376242f350fd936e518a76d53de41cd	D_0__Bacteria;D_1__Proteobacteria;D_2__Alphaproteobacteria;D_3__Caulobacterales;D_4__Parvularculaceae;D_5__Parvularcula;D_6__uncultured organism;D_7__;D_8__;D_9__;D_10__;D_11__;D_12__;D_13__;D_14__	0.762096237406169
b523d748cfc771d4e956b853f03c1a9c	D_0__Bacteria;D_1__Proteobacteria;D_2__Alphaproteobacteria;D_3__Rhizobiales;D_4__Stappiaceae;D_5__Labrenzia;D_6__uncultured bacterium;D_7__;D_8__;D_9__;D_10__;D_11__;D_12__;D_13__;D_14__	0.9604028884293494
a4165e7c540d5b2b1a2786e1c23f43f0	D_0__Bacteria;D_1__Bacteroidetes;D_2__Bacteroidia;D_3__Cytophagales;D_4__Amoebophilaceae;D_5__Candidatus Amoebophilus;D_6__uncultured Sphingobacteriales bacterium;D_7__;D_8__;D_9__;D_10__;D_11__;D_12__;D_13__;D_14__	0.7680483751795281
dac4cfc055a43cb99359cd765234f7f6	D_0__Bacteria;D_1__Proteobacteria;D_2__Alphaproteobacteria;D_3__Caulobacterales;D_4__Parvularculaceae;D_5__uncultured;D_6__uncultured Parvularcula sp.;D_7__;D_8__;D_9__;D_10__;D_11__;D_12__;D_13__;D_14__	0.964797028857123
176efc7747475878e33254cf01895e03	D_0__Bacteria;D_1__Bacteroidetes;D_2__Bacteroidia;D_3__Flavobacteriales;D_4__Flavobacteriaceae;D_5__Gilvibacter;Ambiguous_taxa;D_7__;D_8__;D_9__;D_10__;D_11__;D_12__;D_13__;D_14__	0.8683094932485751
dc16e4fd4282f9396918d51e07a8829f	D_0__Bacteria;D_1__Cyanobacteria;D_2__Oxyphotobacteria;D_3__Nostocales;D_4__Oscillatoriaceae;D_5__uncultured;D_6__uncultured bacterium;D_7__;D_8__;D_9__;D_10__;D_11__;D_12__;D_13__;D_14__	0.9999990810316562
1008ce72acb1479dfcfd1e5bad1776fa	D_0__Bacteria;D_1__Proteobacteria;D_2__Gammaproteobacteria;D_3__Steroidobacterales;D_4__Woeseiaceae;D_5__Woeseia	0.8839237880745929
46c8749f2149d018df5f0fe427d95602	D_0__Bacteria;D_1__Epsilonbacteraeota;D_2__Campylobacteria;D_3__Campylobacterales	0.9562894589161279
926bbb9221a2a6cc4f7729c0e1a5c9a5	D_0__Archaea;D_1__Thaumarchaeota;D_2__Nitrososphaeria;D_3__Nitrosopumilales;D_4__Nitrosopumilaceae;D_5__Candidatus Nitrosopumilus	0.9901015736888045
a360165e76dad1001d199562c85f94b7	D_0__Bacteria;D_1__Proteobacteria;D_2__Gammaproteobacteria;D_3__Alteromonadales;D_4__Shewanellaceae;D_5__Shewanella	0.9999843110436175
9a658b6cf3b8d91ab4fe8da1a66e88fa	D_0__Bacteria;D_1__Acidobacteria;D_2__Blastocatellia (Subgroup 4);D_3__Blastocatellales;D_4__Blastocatellaceae;D_5__Blastocatella;D_6__uncultured marine bacterium;D_7__;D_8__;D_9__;D_10__;D_11__;D_12__;D_13__;D_14__	0.9987475850551807
0d9cba3da3b03c09a14db7b91d8c94fd	D_0__Bacteria;D_1__Bacteroidetes;D_2__Bacteroidia;D_3__Cytophagales;D_4__Cyclobacteriaceae;D_5__Fulvivirga;Ambiguous_taxa;D_7__;D_8__;D_9__;D_10__;D_11__;D_12__;D_13__;D_14__	0.9462936167537713
5173b0fad719067da0d9ccec73ea6901	D_0__Bacteria;D_1__Planctomycetes;D_2__Planctomycetacia;D_3__Pirellulales;D_4__Pirellulaceae;D_5__Pir4 lineage	0.9971561322807775
805d24c5ea69e427a6afde9ee4252563	D_0__Bacteria;D_1__Cyanobacteria;D_2__Oxyphotobacteria;D_3__Phormidesmiales;D_4__Phormidesmiaceae;D_5__Acrophormium PCC-7375	0.848851319455147
ace9477be8701a3036188c730e1f4a70	D_0__Bacteria;D_1__Proteobacteria;D_2__Gammaproteobacteria;D_3__Vibrionales;D_4__Vibrionaceae;D_5__Vibrio	0.9141151116456926
e625829560cd8dd9ce6d62682f5bd31c	D_0__Bacteria;D_1__Bacteroidetes;D_2__Bacteroidia;D_3__Chitinophagales;D_4__Saprospiraceae;D_5__uncultured	0.8506392965635264
ecbcd5e1f49f0213d6970d2836906645	D_0__Bacteria;D_1__Planctomycetes;D_2__Planctomycetacia;D_3__Pirellulales;D_4__Pirellulaceae;D_5__Blastopirellula	0.9994671118056098
ca14e8661a629af98561b4af137eefdf	D_0__Bacteria;D_1__Bacteroidetes;D_2__Bacteroidia;D_3__Flavobacteriales;D_4__Flavobacteriaceae;D_5__Muricauda;D_6__Muricauda pacifica;D_7__;D_8__;D_9__;D_10__;D_11__;D_12__;D_13__;D_14__	0.9785134819861656
1a38689d8c2301c248917f2ebcc19606	D_0__Bacteria;D_1__Proteobacteria;D_2__Gammaproteobacteria;D_3__Chromatiales;D_4__Chromatiaceae;D_5__Candidatus Thiobios	0.9979728742740575
29a29fabb6f9c58eedcd493ba633067f	D_0__Bacteria;D_1__Bacteroidetes;D_2__Bacteroidia;D_3__Cytophagales;D_4__Amoebophilaceae;D_5__Candidatus Amoebophilus;D_6__uncultured bacterium;D_7__;D_8__;D_9__;D_10__;D_11__;D_12__;D_13__;D_14__	0.7430041539933475
43d27ad493911836e8367406a6626e4a	D_0__Bacteria;D_1__Bacteroidetes;D_2__Bacteroidia;D_3__Cytophagales;D_4__Cyclobacteriaceae;D_5__Marinoscillum;D_6__uncultured bacterium;D_7__;D_8__;D_9__;D_10__;D_11__;D_12__;D_13__;D_14__	0.9586689907325239
704549a93253909992ed04248ce65362	D_0__Bacteria;D_1__Bacteroidetes;D_2__Bacteroidia;D_3__Chitinophagales;D_4__Saprospiraceae;D_5__Portibacter	0.8862867313463967
a1831f212d0a929c7c1711486808012b	D_0__Bacteria;D_1__Proteobacteria;D_2__Alphaproteobacteria;D_3__Rhodobacterales;D_4__Rhodobacteraceae;D_5__Ruegeria	0.7004400252111804
80f3089ad19cc6cf6248c6861f9b2ccd	D_0__Bacteria;D_1__Proteobacteria;D_2__Gammaproteobacteria;D_3__Alteromonadales;D_4__Alteromonadaceae	0.9999999962994665
f323907fac96bd3a652805c095d2eee6	D_0__Bacteria;D_1__Bacteroidetes;D_2__Bacteroidia;D_3__Flavobacteriales;D_4__Flavobacteriaceae;D_5__Wenyingzhuangia	0.8465268372200623
515c839a11acaf9deadfd6661b9fcc4c	D_0__Bacteria;D_1__Proteobacteria;D_2__Deltaproteobacteria	0.7219480140799199
d09d11732db775865ef82e3be441f916	D_0__Bacteria;D_1__Bacteroidetes;D_2__Bacteroidia;D_3__Cytophagales;D_4__Amoebophilaceae;D_5__uncultured;D_6__uncultured Sphingobacteriales bacterium;D_7__;D_8__;D_9__;D_10__;D_11__;D_12__;D_13__;D_14__	0.9999980852681033
1d4acd3f24cd63d90f354be9f45e2698	D_0__Bacteria;D_1__Proteobacteria;D_2__Alphaproteobacteria;D_3__Rhodospirillales;D_4__Terasakiellaceae;D_5__Aestuariispira	0.9999983601881695
f3bd1e09d2a62bbfb6321ff1d93ccdca	D_0__Bacteria;D_1__Verrucomicrobia;D_2__Verrucomicrobiae;D_3__Methylacidiphilales;D_4__Methylacidiphilaceae;D_5__uncultured	0.9999999977172541
3243ab9c802730c71da6b93a0eefd7e8	D_0__Bacteria;D_1__Proteobacteria;D_2__Alphaproteobacteria;D_3__Caulobacterales;D_4__Hyphomonadaceae;D_5__Algimonas;D_6__uncultured bacterium;D_7__;D_8__;D_9__;D_10__;D_11__;D_12__;D_13__;D_14__	0.8688169685639888
c501e2c4bddff6777fd477e109e5c4b9	D_0__Bacteria;D_1__Proteobacteria;D_2__Gammaproteobacteria	0.9999995910523688
c3e53867df42327ed3317d630f72464d	D_0__Bacteria;D_1__Bacteroidetes;D_2__Bacteroidia;D_3__Chitinophagales;D_4__Saprospiraceae;D_5__uncultured;D_6__Sargassum vachellianum;D_7__;D_8__;D_9__;D_10__;D_11__;D_12__;D_13__;D_14__	0.7723581478431989
a7150bff599f264b9669164cb2d5bcc8	D_0__Bacteria;D_1__Proteobacteria;D_2__Alphaproteobacteria;D_3__Rhodobacterales;D_4__Rhodobacteraceae	0.9924236217354916
563f5bd5308f97b093925800374ecbec	D_0__Bacteria;D_1__Bacteroidetes;D_2__Bacteroidia;D_3__Cytophagales;D_4__Amoebophilaceae;D_5__uncultured;D_6__uncultured Sphingobacteriales bacterium;D_7__;D_8__;D_9__;D_10__;D_11__;D_12__;D_13__;D_14__	0.9999871855973004
55d831d8faae6109683d7505071c2a7c	D_0__Bacteria;D_1__Bacteroidetes;D_2__Bacteroidia;D_3__Flavobacteriales;D_4__Flavobacteriaceae;D_5__Aureicoccus;Ambiguous_taxa;D_7__;D_8__;D_9__;D_10__;D_11__;D_12__;D_13__;D_14__	0.9999996637900775
071c63e2e081680204136194c8562f38	D_0__Bacteria;D_1__Bacteroidetes;D_2__Bacteroidia;D_3__Flavobacteriales;D_4__Flavobacteriaceae;D_5__Muricauda;D_6__Ascidianibacter aurantiacus;D_7__;D_8__;D_9__;D_10__;D_11__;D_12__;D_13__;D_14__	0.9898552157399346
31c0bffde999f8c4906dd410230e3519	D_0__Bacteria;D_1__Proteobacteria;D_2__Gammaproteobacteria	0.9999980288807022
b5069b59b9738718a336f4c767f7cd7b	D_0__Bacteria;D_1__Cyanobacteria;D_2__Oxyphotobacteria;D_3__Phormidesmiales;D_4__Phormidesmiaceae;D_5__Acrophormium PCC-7375	0.8660361207746643
1909a5fcc213261b6f96c8c4129ad143	D_0__Bacteria;D_1__Cyanobacteria;D_2__Oxyphotobacteria;D_3__Phormidesmiales;D_4__Phormidesmiaceae;D_5__Phormidium MBIC10003;D_6__filamentous cyanobacterium 73-2;D_7__;D_8__;D_9__;D_10__;D_11__;D_12__;D_13__;D_14__	0.8137094912774165
b702b245632232287902d04131d77059	D_0__Bacteria;D_1__Cyanobacteria;D_2__Oxyphotobacteria;D_3__Limnotrichales;D_4__Limnotrichaceae;D_5__Limnothrix;D_6__uncultured bacterium;D_7__;D_8__;D_9__;D_10__;D_11__;D_12__;D_13__;D_14__	0.988526295063036
81ee3d0cc759094c93361a687d1799bd	D_0__Bacteria;D_1__Proteobacteria;D_2__Alphaproteobacteria;D_3__Alphaproteobacteria Incertae Sedis;D_4__Unknown Family;D_5__uncultured;Ambiguous_taxa;D_7__;D_8__;D_9__;D_10__;D_11__;D_12__;D_13__;D_14__	0.85618423986572
bada20486b4ed080084ed3d5689765a0	D_0__Bacteria;D_1__Proteobacteria;D_2__Alphaproteobacteria;D_3__Caulobacterales;D_4__Hyphomonadaceae;D_5__uncultured	0.7766069598161495
8b00120c13722c9bcd2047c261f69350	D_0__Bacteria;D_1__Bacteroidetes;D_2__Bacteroidia;D_3__Chitinophagales;D_4__Saprospiraceae;D_5__uncultured;D_6__Saccharina japonica;D_7__;D_8__;D_9__;D_10__;D_11__;D_12__;D_13__;D_14__	0.9486264693402829
414add9740a62e0bfaeccd7e6663a5bf	D_0__Bacteria;D_1__Bacteroidetes;D_2__Bacteroidia;D_3__Cytophagales;D_4__Cyclobacteriaceae;D_5__Ekhidna	0.9999998151907701
361410b371a1fdcc898c2deb6e0961bd	D_0__Bacteria;D_1__Proteobacteria;D_2__Alphaproteobacteria;D_3__Rhizobiales;D_4__Methyloligellaceae;D_5__uncultured;D_6__uncultured Rhizobiales bacterium;D_7__;D_8__;D_9__;D_10__;D_11__;D_12__;D_13__;D_14__	0.9968980834876877
7ad5a1d5b2b712f09b80e36ba106cead	D_0__Bacteria;D_1__Bacteroidetes;D_2__Bacteroidia;D_3__Cytophagales;D_4__Cyclobacteriaceae;D_5__Fabibacter	0.7023578199800719
9ba5aec1751a14fcae304d14f0c7305b	D_0__Bacteria;D_1__Cyanobacteria;D_2__Oxyphotobacteria;D_3__Phormidesmiales;D_4__Phormidesmiaceae;D_5__Phormidium MBIC10003;D_6__cyanobacterium SC-1;D_7__;D_8__;D_9__;D_10__;D_11__;D_12__;D_13__;D_14__	0.992155281399269
9c054d4cfc45be7ae3ef68f71fd584e8	D_0__Bacteria;D_1__Bacteroidetes;D_2__Bacteroidia	0.9936325185549103
1f620899e8c8a4615a116642b833e3b3	D_0__Bacteria;D_1__Proteobacteria;D_2__Alphaproteobacteria;D_3__Rhizobiales;D_4__Rhizobiaceae;D_5__Mesorhizobium	0.9445463661406155
f4af94247b542e5c852861015d607c20	D_0__Bacteria;D_1__Planctomycetes;D_2__Planctomycetacia;D_3__Pirellulales;D_4__Pirellulaceae;D_5__Rhodopirellula;D_6__planctomycete MS3057;D_7__;D_8__;D_9__;D_10__;D_11__;D_12__;D_13__;D_14__	0.9726412293572059
c8ca9246d1a9a061c81d2228bb4dbefc	D_0__Bacteria;D_1__Cyanobacteria;D_2__Oxyphotobacteria;D_3__Nostocales;D_4__Paraspirulinaceae;D_5__Spirulina DRTO-55.2;D_6__uncultured bacterium;D_7__;D_8__;D_9__;D_10__;D_11__;D_12__;D_13__;D_14__	0.909288583089414
568a361b6cb154e255d12788df6fc006	D_0__Bacteria;D_1__Bacteroidetes;D_2__Bacteroidia;D_3__Cytophagales;D_4__Cyclobacteriaceae	0.8024858358837104
6fa375bc4d764648eb7ea86befb4ed5e	D_0__Bacteria;D_1__Proteobacteria;D_2__Alphaproteobacteria;D_3__Alphaproteobacteria Incertae Sedis;D_4__Unknown Family;D_5__uncultured	0.7322359615177542
e7d887d7224cab856d34600929ba971d	D_0__Bacteria;D_1__Bacteroidetes;D_2__Bacteroidia;D_3__Flavobacteriales;D_4__Flavobacteriaceae;D_5__Muricauda;D_6__uncultured Bacteroidetes bacterium;D_7__;D_8__;D_9__;D_10__;D_11__;D_12__;D_13__;D_14__	0.7804189065227093
3793fb6472df075255aaf3df5f2b5d18	D_0__Bacteria;D_1__Bacteroidetes;D_2__Bacteroidia;D_3__Cytophagales;D_4__Amoebophilaceae;D_5__uncultured;D_6__uncultured Sphingobacteriales bacterium;D_7__;D_8__;D_9__;D_10__;D_11__;D_12__;D_13__;D_14__	0.9999977203893287
489aba91fba57093962e71c2b56a87ab	D_0__Bacteria;D_1__Bacteroidetes;D_2__Bacteroidia;D_3__Flavobacteriales;D_4__Flavobacteriaceae;D_5__Polaribacter 4;D_6__Polaribacter sp. KJ034;D_7__;D_8__;D_9__;D_10__;D_11__;D_12__;D_13__;D_14__	0.8296939883635904
adaf58be61b6a8fdfcfeb9d8ea2ff7f2	D_0__Bacteria;D_1__Bacteroidetes;D_2__Bacteroidia;D_3__Cytophagales;D_4__Cyclobacteriaceae;D_5__Fulvivirga;D_6__Flammeovirgaceae bacterium BBD 1991-12;D_7__;D_8__;D_9__;D_10__;D_11__;D_12__;D_13__;D_14__	0.9571522256709217
8823dc1bf4b6cb4c118e8f8a5b2a51e1	D_0__Bacteria;D_1__Proteobacteria;D_2__Gammaproteobacteria;D_3__Thiotrichales;D_4__Thiotrichaceae;D_5__uncultured	0.9839548988696826
e49143494aac90a6c2070694a57fb15b	D_0__Bacteria;D_1__Bacteroidetes;D_2__Bacteroidia;D_3__Chitinophagales;D_4__uncultured;D_5__uncultured Sphingobacteriales bacterium;D_6__;D_7__;D_8__;D_9__;D_10__;D_11__;D_12__;D_13__;D_14__	0.9980866387996022
5bcbd33f82ad642d2d117cc6dbe3e12c	D_0__Bacteria;D_1__Bacteroidetes;D_2__Bacteroidia;D_3__Chitinophagales;D_4__Saprospiraceae;D_5__Phaeodactylibacter;D_6__uncultured Saprospiraceae bacterium;D_7__;D_8__;D_9__;D_10__;D_11__;D_12__;D_13__;D_14__	0.7750240813351499
020dd5fe47d9290af892b0da6e366e3a	D_0__Bacteria;D_1__Planctomycetes;D_2__Phycisphaerae;D_3__Phycisphaerales;D_4__Phycisphaeraceae;D_5__Phycisphaera;D_6__uncultured Planctomycetales bacterium;D_7__;D_8__;D_9__;D_10__;D_11__;D_12__;D_13__;D_14__	0.9906619894044186
3c904f0ab99d84223a0ae64065c34d54	D_0__Bacteria;D_1__Bacteroidetes;D_2__Bacteroidia;D_3__Cytophagales	0.9990405001494055
658d61eaccf7a6dbc2a6450b62fc70a0	Ambiguous_taxa;Ambiguous_taxa;Ambiguous_taxa;Ambiguous_taxa;Ambiguous_taxa;Ambiguous_taxa;Ambiguous_taxa;Ambiguous_taxa;Ambiguous_taxa;Ambiguous_taxa;Ambiguous_taxa;Ambiguous_taxa;Ambiguous_taxa;Ambiguous_taxa;D_14__	0.9944569933363631
51b9e4253687d3de39afdf728fca756f	D_0__Bacteria;D_1__Bacteroidetes;D_2__Bacteroidia;D_3__Flavobacteriales	0.9646087622673593
fab8a445c0d5d5a33adff0ac0cd31920	D_0__Bacteria;D_1__Bacteroidetes;D_2__Bacteroidia;D_3__Cytophagales;D_4__Cyclobacteriaceae;D_5__Fulvivirga	0.832203644644638
b39a5290b76dbb6f829157273c360ef6	D_0__Bacteria;D_1__Proteobacteria;D_2__Alphaproteobacteria;D_3__Kordiimonadales;D_4__Kordiimonadaceae;D_5__Kordiimonas	0.9996414708466691
482416b526c13c2eb1624e75abf1e8b8	D_0__Bacteria;D_1__Bacteroidetes;D_2__Bacteroidia;D_3__Cytophagales;D_4__Cyclobacteriaceae;D_5__Fulvivirga;Ambiguous_taxa;D_7__;D_8__;D_9__;D_10__;D_11__;D_12__;D_13__;D_14__	0.966655936230027
96dc8f3aa81843b1db776f0c147bae37	D_0__Bacteria;D_1__Proteobacteria;D_2__Gammaproteobacteria;D_3__Gammaproteobacteria Incertae Sedis;D_4__Unknown Family;D_5__Candidatus Berkiella	0.8309922994570692
754b50566fe038cd18ca55e05e8d8410	D_0__Bacteria;D_1__Bacteroidetes;D_2__Bacteroidia;D_3__Cytophagales;D_4__Amoebophilaceae;D_5__uncultured	0.9982134355465694
3afe6111155e27ac5ef3573b0d0857b8	D_0__Bacteria;D_1__Bacteroidetes;D_2__Bacteroidia;D_3__Cytophagales;D_4__Amoebophilaceae;D_5__uncultured;D_6__uncultured Bacteroidetes bacterium;D_7__;D_8__;D_9__;D_10__;D_11__;D_12__;D_13__;D_14__	0.8364089539816183
6a8b0aa2248f5916508f3fbdde19f4b5	D_0__Bacteria;D_1__Cyanobacteria;D_2__Oxyphotobacteria;D_3__Nostocales	0.9727285516256571
8e369486aa4589507357d81397e8f4a7	D_0__Bacteria;D_1__Planctomycetes;D_2__Planctomycetacia;D_3__Pirellulales;D_4__Pirellulaceae;D_5__Pirellula;D_6__uncultured Planctomycetales bacterium;D_7__;D_8__;D_9__;D_10__;D_11__;D_12__;D_13__;D_14__	0.8388141208697417
cea5200ceb7fbc4634ae4e99509349cb	D_0__Bacteria;D_1__Bacteroidetes;D_2__Bacteroidia;D_3__Chitinophagales;D_4__Saprospiraceae	0.9999850649720092
3123a35a073dc90bdf336116ade221b1	D_0__Bacteria;D_1__Cyanobacteria;D_2__Oxyphotobacteria	0.999702334359509
8688d7ab759786a41619b0c16b4ab9fb	D_0__Bacteria;D_1__Bacteroidetes;D_2__Bacteroidia;D_3__Cytophagales;D_4__Cyclobacteriaceae;D_5__Fulvivirga;Ambiguous_taxa;D_7__;D_8__;D_9__;D_10__;D_11__;D_12__;D_13__;D_14__	0.9608379757991533
0c51a71dc5e7d6de7c93cc0d809d5f70	D_0__Bacteria;D_1__Proteobacteria;D_2__Alphaproteobacteria;D_3__Rhodobacterales;D_4__Rhodobacteraceae;D_5__Shimia	0.9909010996862586
42532cf5ebdcf1f20d90902ee9193362	D_0__Bacteria;D_1__Bacteroidetes;D_2__Bacteroidia;D_3__Cytophagales;D_4__Amoebophilaceae;D_5__Candidatus Amoebophilus	0.9999998801153678
d74006b9480e1b7dd4c9a18c4092bace	D_0__Bacteria;D_1__Proteobacteria;D_2__Gammaproteobacteria;D_3__Cellvibrionales;D_4__Halieaceae	0.9999998990636785
8e41b36d5f286de8199f7ee7ade277e6	D_0__Bacteria;D_1__Planctomycetes;D_2__OM190;D_3__uncultured bacterium;D_4__;D_5__;D_6__;D_7__;D_8__;D_9__;D_10__;D_11__;D_12__;D_13__;D_14__	0.7829674117423062
a8f8f7d5d85c00427d23b086854ae4f2	D_0__Bacteria;D_1__Bacteroidetes;D_2__Bacteroidia;D_3__Chitinophagales;D_4__Saprospiraceae;D_5__Lewinella;Ambiguous_taxa;D_7__;D_8__;D_9__;D_10__;D_11__;D_12__;D_13__;D_14__	0.9998345726845578
6cdd1866ede066711b5316c86a70723b	D_0__Bacteria;D_1__Planctomycetes;D_2__Planctomycetacia;D_3__Pirellulales;D_4__Pirellulaceae;D_5__Pir4 lineage	0.999836793458043
b8a9aed7edd45b8c5398d5ff75c18714	D_0__Bacteria;D_1__Proteobacteria;D_2__Alphaproteobacteria;D_3__Sphingomonadales;D_4__Sphingomonadaceae	0.9999969526590836
da7fb6894aeb71b7af8dca2e6ee977aa	D_0__Bacteria;D_1__Proteobacteria;D_2__Alphaproteobacteria;D_3__Sphingomonadales;D_4__Sphingomonadaceae	0.9999993338432397
11676b9630fa6f6ee6397a341a67affe	D_0__Bacteria;D_1__Bacteroidetes;D_2__Bacteroidia;D_3__Flavobacteriales;D_4__Flavobacteriaceae;D_5__Croceitalea	0.8763009252875574
a4404789662e5a41cf35a9116759d14b	D_0__Bacteria;D_1__Proteobacteria;D_2__Gammaproteobacteria;D_3__Ectothiorhodospirales;D_4__Ectothiorhodospiraceae;D_5__Thiogranum;D_6__uncultured sediment bacterium;D_7__;D_8__;D_9__;D_10__;D_11__;D_12__;D_13__;D_14__	0.7235925909194847
44a636216048a2eb4d9f09f4823529c8	D_0__Bacteria;D_1__Bacteroidetes;D_2__Bacteroidia;D_3__Chitinophagales;D_4__Saprospiraceae;D_5__Portibacter;D_6__uncultured bacterium;D_7__;D_8__;D_9__;D_10__;D_11__;D_12__;D_13__;D_14__	0.7165972049580737
f3a3b59a0d050e7a3fb2022bce895b94	D_0__Bacteria;D_1__Verrucomicrobia;D_2__Verrucomicrobiae;D_3__Opitutales;D_4__Puniceicoccaceae;D_5__Coraliomargarita;D_6__uncultured bacterium;D_7__;D_8__;D_9__;D_10__;D_11__;D_12__;D_13__;D_14__	0.7927620015378036
c14e97acd04693de3b709d44a0b35da2	D_0__Bacteria;D_1__Bacteroidetes;D_2__Bacteroidia;D_3__Cytophagales;D_4__Cyclobacteriaceae;D_5__Imperialibacter;D_6__uncultured bacterium;D_7__;D_8__;D_9__;D_10__;D_11__;D_12__;D_13__;D_14__	0.9851284009638481
f42dbb9ef27771ece744c5c7c6aecb38	D_0__Bacteria;D_1__Bacteroidetes;D_2__Bacteroidia;D_3__Cytophagales;D_4__Cyclobacteriaceae;D_5__Fulvivirga;D_6__uncultured Bacteroidetes bacterium;D_7__;D_8__;D_9__;D_10__;D_11__;D_12__;D_13__;D_14__	0.7448368062409021
10896d9752fc22f5fc68bad3b753537e	D_0__Bacteria;D_1__Proteobacteria;D_2__Alphaproteobacteria;D_3__Rhodobacterales;D_4__Rhodobacteraceae	0.9957450117044229
1d630fb3821568835df5d405dcb7373d	D_0__Bacteria;D_1__Bacteroidetes;D_2__Bacteroidia;D_3__Chitinophagales;D_4__uncultured;D_5__uncultured Sphingobacteriales bacterium;D_6__;D_7__;D_8__;D_9__;D_10__;D_11__;D_12__;D_13__;D_14__	0.9987130786073566
6f49645ad142e2b13d9b4319929d6371	D_0__Bacteria;D_1__Bacteroidetes;D_2__Bacteroidia;D_3__Cytophagales;D_4__Amoebophilaceae;D_5__uncultured;D_6__uncultured deep-sea bacterium;D_7__;D_8__;D_9__;D_10__;D_11__;D_12__;D_13__;D_14__	0.824483629656858
ee49e22e337e2529d2b1e8a6dcc69d3b	D_0__Bacteria;D_1__Proteobacteria;D_2__Alphaproteobacteria;D_3__Sphingomonadales;D_4__Sphingomonadaceae;D_5__Erythrobacter	0.7289230729521972
cd575ef7e64c337d09c9f39114cc21c4	D_0__Bacteria;D_1__Proteobacteria;D_2__Alphaproteobacteria;D_3__Kordiimonadales;D_4__Kordiimonadaceae;D_5__Kordiimonas	0.99792471261466
1cd0bcb027dfabdd3cb6304ea99f7042	D_0__Bacteria;D_1__Proteobacteria;D_2__Gammaproteobacteria;D_3__KI89A clade;D_4__uncultured deep-sea bacterium;D_5__;D_6__;D_7__;D_8__;D_9__;D_10__;D_11__;D_12__;D_13__;D_14__	0.7256125102951992
dbd06b6f639e79d28267e175dab11947	D_0__Bacteria;D_1__Proteobacteria;D_2__Alphaproteobacteria;D_3__Rhizobiales;D_4__Rhizobiaceae;D_5__Mesorhizobium	0.9440079180839663
5ab802b1fa8d0a6ab69ed8dce8c28b5d	D_0__Bacteria;D_1__Bacteroidetes;D_2__Bacteroidia;D_3__Cytophagales;D_4__Cyclobacteriaceae;D_5__uncultured;D_6__uncultured Fulvivirga sp.;D_7__;D_8__;D_9__;D_10__;D_11__;D_12__;D_13__;D_14__	0.9979658996701811
3ec487f75f09cb9b18300e15112c2e84	D_0__Bacteria;D_1__Proteobacteria;D_2__Alphaproteobacteria;D_3__Rhizobiales	0.7490507837369064
a87bca055c854fc3460278f20f399a14	D_0__Bacteria;D_1__Bacteroidetes;D_2__Bacteroidia;D_3__Flavobacteriales;D_4__Flavobacteriaceae;D_5__Polaribacter 4;D_6__Polaribacter sp. KJ034;D_7__;D_8__;D_9__;D_10__;D_11__;D_12__;D_13__;D_14__	0.8292052443560622
79b415332e7bbffa0be6722d7741316b	D_0__Bacteria;D_1__Proteobacteria;D_2__Alphaproteobacteria;D_3__Rhodospirillales;D_4__Terasakiellaceae;D_5__uncultured;D_6__Aestuariispira sp.;D_7__;D_8__;D_9__;D_10__;D_11__;D_12__;D_13__;D_14__	0.9721466762172859
51a679889e5ef52ce518c7277f81f80f	D_0__Bacteria;D_1__Chloroflexi;D_2__Anaerolineae;D_3__SBR1031;D_4__A4b;D_5__uncultured organism;D_6__;D_7__;D_8__;D_9__;D_10__;D_11__;D_12__;D_13__;D_14__	0.8487885870994105
18cbea3f3f9c2e274739b5988393a517	D_0__Bacteria;D_1__Bacteroidetes;D_2__Bacteroidia;D_3__Chitinophagales;D_4__uncultured	0.9819570962756426
8908be298b21922d7739de294a7d4a6c	D_0__Bacteria;D_1__Proteobacteria;D_2__Gammaproteobacteria;D_3__Alteromonadales;D_4__Pseudoalteromonadaceae;D_5__Algicola	0.9997847412543741
1567bc7a6d185afd636279802adf216d	D_0__Bacteria;D_1__Bacteroidetes;D_2__Bacteroidia;D_3__Chitinophagales;D_4__Saprospiraceae;D_5__Portibacter;D_6__uncultured bacterium;D_7__;D_8__;D_9__;D_10__;D_11__;D_12__;D_13__;D_14__	0.8442395264802794
626e032b60657dff4af24540f9b1d66c	D_0__Bacteria;D_1__Bacteroidetes;D_2__Bacteroidia;D_3__Cytophagales;D_4__Cyclobacteriaceae	0.9449949802347472
2fbb5b436df2c7f2607f01bea023b98a	D_0__Bacteria;D_1__Bacteroidetes;D_2__Bacteroidia;D_3__Flavobacteriales;D_4__Flavobacteriaceae;D_5__Wenyingzhuangia	0.849695446106908
1bde090e9a65ce69800d156fdad2b0ae	D_0__Bacteria;D_1__Bacteroidetes;D_2__Bacteroidia;D_3__Cytophagales;D_4__Cyclobacteriaceae;D_5__Fabibacter	0.7416676121226033
d624f303cad8f0249a2934df09aa1e17	D_0__Bacteria;D_1__Cyanobacteria;D_2__Oxyphotobacteria;D_3__Limnotrichales;D_4__Limnotrichaceae;D_5__Limnothrix;D_6__uncultured bacterium;D_7__;D_8__;D_9__;D_10__;D_11__;D_12__;D_13__;D_14__	0.9855503334372949
9ca453eb96485c1e4f80918225a7b4c4	D_0__Bacteria;D_1__Bacteroidetes;D_2__Bacteroidia;D_3__Flavobacteriales;D_4__Flavobacteriaceae;D_5__Aquimarina	0.986703365248529
226d51fb6dd37de25155de8ac56c2538	D_0__Bacteria;D_1__Bacteroidetes;D_2__Bacteroidia;D_3__Chitinophagales;D_4__uncultured	0.9975722597346404
a49059ea2f47271d7a1ca8de26cef84b	D_0__Bacteria;D_1__Bacteroidetes;D_2__Bacteroidia;D_3__Chitinophagales;D_4__Saprospiraceae;D_5__uncultured	0.7148518166388383
ebb6e639ae8e6c69432d89e95c415d2d	D_0__Bacteria;D_1__Cyanobacteria;D_2__Oxyphotobacteria;D_3__Nostocales;D_4__Phormidiaceae;D_5__Trichodesmium IMS101	0.9999999996181207
2a23e6353a9355ae3aad682db363ef14	D_0__Bacteria;D_1__Planctomycetes;D_2__Phycisphaerae;D_3__Phycisphaerales;D_4__Phycisphaeraceae;D_5__SM1A02;D_6__uncultured planctomycete;D_7__;D_8__;D_9__;D_10__;D_11__;D_12__;D_13__;D_14__	0.9973607399119618
2d961308dfd7aa36d924a753cc5af41b	D_0__Bacteria;D_1__Proteobacteria;D_2__Gammaproteobacteria	0.9999995494168353
7a816e8294f52b9678daded5c45aa782	D_0__Bacteria;D_1__Proteobacteria;D_2__Alphaproteobacteria;D_3__Caulobacterales;D_4__Hyphomonadaceae;D_5__uncultured	0.8054574450439792
c33b0892f6187ff5f1784700b88203b1	D_0__Bacteria;D_1__Proteobacteria;D_2__Deltaproteobacteria;D_3__Myxococcales;D_4__Sandaracinaceae;D_5__uncultured	0.9999999790862962
f0aa6213a71f56af881e85aa31056bea	D_0__Bacteria;D_1__Bacteroidetes;D_2__Bacteroidia;D_3__Chitinophagales;D_4__Saprospiraceae;D_5__Portibacter	0.7250201866108683
8d65793d8260d4875c2ea9ba89fcc75f	D_0__Bacteria;D_1__Proteobacteria;D_2__Gammaproteobacteria;D_3__Alteromonadales;D_4__Colwelliaceae;D_5__Thalassotalea	0.9999962140784845
7d504b4996f056f2e6135b2a603d6f54	D_0__Bacteria;D_1__Bacteroidetes;D_2__Bacteroidia	0.999921001429895
f35e6531f5ebcee951660f2759f240f1	D_0__Bacteria;D_1__Proteobacteria;D_2__Gammaproteobacteria;D_3__Tenderiales;D_4__Tenderiaceae;D_5__Candidatus Tenderia;D_6__uncultured bacterium;D_7__;D_8__;D_9__;D_10__;D_11__;D_12__;D_13__;D_14__	0.9510671844071956
210cbb82522b7c307c7c08dce9e77c72	D_0__Bacteria;D_1__Cyanobacteria;D_2__Oxyphotobacteria;D_3__Phormidesmiales;D_4__Phormidesmiaceae;D_5__Phormidium MBIC10003	0.9497631456459409
b636d3e416b5ce08505e6b1d51f623db	D_0__Bacteria;D_1__Bacteroidetes;D_2__Bacteroidia;D_3__Flavobacteriales;D_4__Flavobacteriaceae;D_5__Aureicoccus;Ambiguous_taxa;D_7__;D_8__;D_9__;D_10__;D_11__;D_12__;D_13__;D_14__	0.9999997076763522
13763d48d635391a9a1bba10386db65b	D_0__Bacteria;D_1__Proteobacteria;D_2__Deltaproteobacteria;D_3__Myxococcales;D_4__Haliangiaceae;D_5__Haliangium	0.9838024524540233
43ade6edd3eeab36d743b17b88f4247d	D_0__Bacteria;D_1__Chloroflexi;D_2__Anaerolineae;D_3__SBR1031;D_4__A4b;D_5__uncultured bacterium;D_6__;D_7__;D_8__;D_9__;D_10__;D_11__;D_12__;D_13__;D_14__	0.8540456386411289
05ca45af32192b52ec9b1b44b4803f49	D_0__Bacteria;D_1__Bacteroidetes;D_2__Bacteroidia;D_3__Chitinophagales;D_4__Saprospiraceae;D_5__uncultured;D_6__Sargassum vachellianum;D_7__;D_8__;D_9__;D_10__;D_11__;D_12__;D_13__;D_14__	0.793467448613936
5b34ba54165c0985648f1ab7578463bd	D_0__Bacteria;D_1__Bacteroidetes;D_2__Bacteroidia;D_3__Cytophagales;D_4__Cyclobacteriaceae;D_5__Imperialibacter;D_6__uncultured bacterium;D_7__;D_8__;D_9__;D_10__;D_11__;D_12__;D_13__;D_14__	0.9985709051574925
db5716012a6fbf6458089e11d712694c	D_0__Bacteria;D_1__Cyanobacteria;D_2__Oxyphotobacteria	0.9997023385588616
6aa991b5c807c207ddb55a5b0c3dd0e9	D_0__Bacteria;D_1__Cyanobacteria;D_2__Oxyphotobacteria;D_3__Limnotrichales;D_4__Limnotrichaceae;D_5__Limnothrix;D_6__uncultured bacterium;D_7__;D_8__;D_9__;D_10__;D_11__;D_12__;D_13__;D_14__	0.9917663373104819
0782da1c5f837b520ab777647e4f4e73	D_0__Bacteria;D_1__Proteobacteria;D_2__Deltaproteobacteria;D_3__Myxococcales;D_4__P3OB-42;D_5__uncultured delta proteobacterium;D_6__;D_7__;D_8__;D_9__;D_10__;D_11__;D_12__;D_13__;D_14__	0.86684185251154
fb2dd715798117ec8e093084e954754f	D_0__Bacteria;D_1__Planctomycetes;D_2__Planctomycetacia;D_3__Planctomycetales;D_4__Gimesiaceae;D_5__uncultured	0.9975400175266566
feed800d401c03231efc7e628e4cbdcd	D_0__Bacteria;D_1__Proteobacteria;D_2__Deltaproteobacteria;D_3__Myxococcales;D_4__Haliangiaceae;D_5__Haliangium	0.9804160700352618
2cc5dd7cf60b7ccec5f68c875b0e655d	D_0__Bacteria;D_1__Bacteroidetes;D_2__Bacteroidia;D_3__Chitinophagales;D_4__Saprospiraceae;D_5__Portibacter;D_6__uncultured bacterium;D_7__;D_8__;D_9__;D_10__;D_11__;D_12__;D_13__;D_14__	0.7508732253260207
7f91a39e9ac20586b99f79cca7a43701	D_0__Bacteria;D_1__Bacteroidetes;D_2__Bacteroidia;D_3__Chitinophagales;D_4__Saprospiraceae;D_5__uncultured	0.8443682226609044
6691bc98308bf5ea2965e1ef0f60ad28	D_0__Bacteria;D_1__Bacteroidetes;D_2__Bacteroidia;D_3__Cytophagales;D_4__Cyclobacteriaceae;D_5__Ekhidna	0.9999998084286145
10f6cb25eb288c2c0ca72727accc79a9	D_0__Bacteria;D_1__Bacteroidetes;D_2__Bacteroidia;D_3__Chitinophagales;D_4__Saprospiraceae;D_5__Phaeodactylibacter;D_6__uncultured Saprospiraceae bacterium;D_7__;D_8__;D_9__;D_10__;D_11__;D_12__;D_13__;D_14__	0.737244215725293
c448741cc34f24833102ea4d3837ff9b	D_0__Bacteria;D_1__Proteobacteria;D_2__Gammaproteobacteria	0.9996887501325985
36cec2b756eae7875dfdc4f58c491f94	D_0__Bacteria;D_1__Proteobacteria;D_2__Alphaproteobacteria;D_3__Caulobacterales;D_4__Parvularculaceae;D_5__uncultured	0.8533837052582545
90cb40ef68af35bc1e7cf3bb3d580153	D_0__Bacteria;D_1__Proteobacteria;D_2__Gammaproteobacteria	0.9989312853617199
745e48d4e0e52293c6238f3963192564	D_0__Bacteria;D_1__Bacteroidetes;D_2__Bacteroidia;D_3__Cytophagales;D_4__Amoebophilaceae;D_5__Candidatus Amoebophilus	0.9999999999998442
0995553bec3d982345ad650d51065da5	D_0__Bacteria;D_1__Bacteroidetes;D_2__Bacteroidia;D_3__Flavobacteriales;D_4__Flavobacteriaceae;D_5__Muricauda;D_6__uncultured Bacteroidetes bacterium;D_7__;D_8__;D_9__;D_10__;D_11__;D_12__;D_13__;D_14__	0.7804189032851385
b26eda1c6b8691cc0dfed8c2010bad9b	D_0__Bacteria;D_1__Bacteroidetes;D_2__Bacteroidia;D_3__Chitinophagales;D_4__Saprospiraceae	0.9999887079040628
53d49c5633f1bb3ba9d85a926a2ef4d3	D_0__Bacteria;D_1__Proteobacteria	0.7310412962523969
78740aa8f7a4f04372b5f66fc27696c5	D_0__Bacteria;D_1__Bacteroidetes;D_2__Bacteroidia;D_3__Flavobacteriales;D_4__Flavobacteriaceae;D_5__Muricauda	0.8967016194843722
e77b82d609412d57e201c5c2bfa134f3	D_0__Bacteria;D_1__Bacteroidetes;D_2__Bacteroidia;D_3__Chitinophagales;D_4__Saprospiraceae;D_5__Lewinella;D_6__uncultured marine bacterium;D_7__;D_8__;D_9__;D_10__;D_11__;D_12__;D_13__;D_14__	0.8965403702197344
7987cbfc9495753727bf18e68b22ec29	D_0__Bacteria;D_1__Acidobacteria;D_2__Blastocatellia (Subgroup 4);D_3__Blastocatellales;D_4__Blastocatellaceae;D_5__Blastocatella;D_6__uncultured marine bacterium;D_7__;D_8__;D_9__;D_10__;D_11__;D_12__;D_13__;D_14__	0.9986416953534646
c4cee9e4664f72b4779da2d61721e76e	D_0__Bacteria;D_1__Cyanobacteria;D_2__Oxyphotobacteria;D_3__Phormidesmiales;D_4__Nodosilineaceae;D_5__Halomicronema TFEP1	0.9253864321938798
d898f16d5c2ed99f7229adde22329bbd	D_0__Bacteria;D_1__Proteobacteria;D_2__Gammaproteobacteria;D_3__Cellvibrionales;D_4__Halieaceae	0.9999999105959025
2dc10e40fe9ae26b9b910e7a5b29bb6e	D_0__Bacteria;D_1__Epsilonbacteraeota;D_2__Campylobacteria;D_3__Campylobacterales	0.9573310602929864
102b61c175896f7505a9beea700a50db	D_0__Bacteria;D_1__Proteobacteria;D_2__Deltaproteobacteria;D_3__Myxococcales;D_4__Sandaracinaceae;D_5__uncultured	0.9999999809595005
6f4fe1cb95c848861668277c0c7e8096	D_0__Bacteria;D_1__Bacteroidetes;D_2__Bacteroidia;D_3__Chitinophagales;D_4__Saprospiraceae	0.9993421733240766
57a93376a72cff37b8a5da3457190761	D_0__Bacteria;D_1__Bacteroidetes;D_2__Bacteroidia;D_3__Flavobacteriales;D_4__Flavobacteriaceae	0.9973101312659466
91678f3f9fd1ba57bb4bf19a517d483f	D_0__Bacteria;D_1__Cyanobacteria;D_2__Oxyphotobacteria	0.9997525754954284
aef4bfc691e9f247a69136ef5e78dd72	D_0__Bacteria;D_1__Bacteroidetes;D_2__Bacteroidia;D_3__Cytophagales;D_4__Amoebophilaceae;D_5__Candidatus Amoebophilus;D_6__uncultured organism;D_7__;D_8__;D_9__;D_10__;D_11__;D_12__;D_13__;D_14__	0.8482526264210531
24ca811e79854580e1ee5c16c7ae2237	D_0__Bacteria;D_1__Proteobacteria;D_2__Gammaproteobacteria;D_3__Oceanospirillales;D_4__Nitrincolaceae;D_5__Neptuniibacter	0.9999961081416278
1cbd53967f372831932140dede9b551c	D_0__Bacteria;D_1__Bacteroidetes;D_2__Bacteroidia;D_3__Cytophagales;D_4__Amoebophilaceae;D_5__Candidatus Amoebophilus	0.9999909207286294
644ef7b34de0450290967cbc55c75095	D_0__Bacteria;D_1__Proteobacteria;D_2__Deltaproteobacteria;D_3__Myxococcales;D_4__P3OB-42;D_5__uncultured proteobacterium;D_6__;D_7__;D_8__;D_9__;D_10__;D_11__;D_12__;D_13__;D_14__	0.7503318176790111
1553a73527665dd606f2b525e793c5a3	D_0__Bacteria;D_1__Bacteroidetes;D_2__Bacteroidia;D_3__Chitinophagales;D_4__Saprospiraceae;D_5__uncultured	0.9477340963293697
d7d7012765a9aba6101fdd914bbeabd6	D_0__Bacteria;D_1__Bacteroidetes;D_2__Bacteroidia;D_3__Flavobacteriales;D_4__Flavobacteriaceae;D_5__Aureicoccus;Ambiguous_taxa;D_7__;D_8__;D_9__;D_10__;D_11__;D_12__;D_13__;D_14__	0.9999997277916124
a24015875addb97c3b94dbdc5176fd1e	D_0__Bacteria;D_1__Verrucomicrobia;D_2__Verrucomicrobiae;D_3__Opitutales;D_4__Puniceicoccaceae;D_5__Coraliomargarita;D_6__uncultured bacterium;D_7__;D_8__;D_9__;D_10__;D_11__;D_12__;D_13__;D_14__	0.7728730782001599
a538bce9f7ade940a1c40178cb1e9840	D_0__Bacteria;D_1__Proteobacteria;D_2__Alphaproteobacteria	0.9790872209798581
84d1a3e3b0727661c66b7bc44b52014b	D_0__Bacteria;D_1__Verrucomicrobia;D_2__Verrucomicrobiae;D_3__Methylacidiphilales;D_4__Methylacidiphilaceae;D_5__uncultured;D_6__uncultured organism;D_7__;D_8__;D_9__;D_10__;D_11__;D_12__;D_13__;D_14__	0.7430812339041933
bcafaa2f4cb665be10451ab9e004e87a	D_0__Bacteria;D_1__Proteobacteria;D_2__Gammaproteobacteria;D_3__Pseudomonadales;D_4__Pseudomonadaceae;D_5__Pseudomonas	0.9737368304556704
95d80ee8d09e455549236099a9ccec99	D_0__Bacteria;D_1__Proteobacteria;D_2__Gammaproteobacteria;D_3__Coxiellales;D_4__Coxiellaceae;D_5__Coxiella	0.956787031020624
ad00d76e8c4d13b0e39e56318d87a30c	D_0__Bacteria;D_1__Acidobacteria;D_2__Blastocatellia (Subgroup 4);D_3__Blastocatellales;D_4__Blastocatellaceae;D_5__Blastocatella;D_6__uncultured marine bacterium;D_7__;D_8__;D_9__;D_10__;D_11__;D_12__;D_13__;D_14__	0.9986382978151443
0ccf35616b6851a79b993ab02927a4e5	D_0__Bacteria	0.9962181240724669
40a79e5c08ec2227d994ffba1b350123	D_0__Bacteria;D_1__Bacteroidetes;D_2__Bacteroidia;D_3__Flavobacteriales;D_4__Flavobacteriaceae	0.9999986968965453
df8dc233394b6425c20ecfb2bb5819b4	D_0__Bacteria;D_1__Bacteroidetes;D_2__Bacteroidia;D_3__Chitinophagales;D_4__uncultured;D_5__uncultured Sphingobacteriales bacterium;D_6__;D_7__;D_8__;D_9__;D_10__;D_11__;D_12__;D_13__;D_14__	0.9042265713301625
a99aee5e0918b14d9f9864d4755370fd	D_0__Bacteria;D_1__Proteobacteria;D_2__Gammaproteobacteria;D_3__Alteromonadales;D_4__Alteromonadaceae	0.9999830364665627
557f1e83fcbe7fb30d553f1195a4865f	D_0__Bacteria;D_1__Bacteroidetes;D_2__Bacteroidia;D_3__Chitinophagales;D_4__Saprospiraceae;D_5__uncultured;D_6__uncultured marine bacterium;D_7__;D_8__;D_9__;D_10__;D_11__;D_12__;D_13__;D_14__	0.9079553135107867
e62c5803a6cf25b21ec7b6fd3fa8ec79	D_0__Bacteria;D_1__Bacteroidetes;D_2__Bacteroidia;D_3__Flavobacteriales;D_4__Flavobacteriaceae;D_5__Wenyingzhuangia;D_6__uncultured Flavobacteriales bacterium;D_7__;D_8__;D_9__;D_10__;D_11__;D_12__;D_13__;D_14__	0.9671925647092361
5cb93cabc36063e2860047efe0302adb	D_0__Bacteria;D_1__Proteobacteria;D_2__Alphaproteobacteria;D_3__uncultured;D_4__unidentified marine bacterioplankton;D_5__;D_6__;D_7__;D_8__;D_9__;D_10__;D_11__;D_12__;D_13__;D_14__	0.9105156625338227
0fbcb03590afa6949c8e65ca09d1788c	D_0__Bacteria;D_1__Proteobacteria;D_2__Gammaproteobacteria;D_3__KI89A clade	0.9998640762476714
a74efe31c07e91d7da2738d718fb0d9f	D_0__Bacteria;D_1__Bacteroidetes;D_2__Bacteroidia;D_3__Chitinophagales;D_4__Saprospiraceae	0.999990613106652
9caa8c724e0d7fdbab612be17e353d9e	D_0__Bacteria;D_1__Epsilonbacteraeota;D_2__Campylobacteria;D_3__Campylobacterales	0.9540118702834096
236e61f94a5cef919408acbe148545f3	D_0__Bacteria;D_1__Acidobacteria;D_2__Blastocatellia (Subgroup 4);D_3__Blastocatellales;D_4__Blastocatellaceae;D_5__Blastocatella;D_6__uncultured marine bacterium;D_7__;D_8__;D_9__;D_10__;D_11__;D_12__;D_13__;D_14__	0.9983146958433926
d9f5ac6061d891aef2c3d12f6e4a1aae	D_0__Bacteria;D_1__Bacteroidetes;D_2__Bacteroidia;D_3__Chitinophagales;D_4__Saprospiraceae;D_5__uncultured	0.9024726592089755
8f859a3396110c98eb219facb07979d7	D_0__Bacteria;D_1__Bacteroidetes;D_2__Bacteroidia;D_3__Cytophagales;D_4__MWH-CFBk5	0.9091363526088247
b8f8885440c99021e59d65f8e06d1aeb	D_0__Bacteria;D_1__Bacteroidetes;D_2__Bacteroidia;D_3__Flavobacteriales;D_4__Cryomorphaceae;D_5__Cryomorpha	0.9999986609744915
50a80c9403c6f31a78f36268a6ce1233	D_0__Bacteria;D_1__Bacteroidetes;D_2__Bacteroidia;D_3__Chitinophagales;D_4__Saprospiraceae;D_5__uncultured;D_6__uncultured Flavobacterium sp.;D_7__;D_8__;D_9__;D_10__;D_11__;D_12__;D_13__;D_14__	0.7989481837059919
b36d057cc090104064d9c8fe1d11abc1	D_0__Bacteria;D_1__Bacteroidetes;D_2__Bacteroidia;D_3__Cytophagales	0.9990245313317148
c5e29f3179ddda6012e565001edaf0fe	D_0__Bacteria;D_1__Proteobacteria;D_2__Gammaproteobacteria;D_3__Gammaproteobacteria Incertae Sedis;D_4__Unknown Family;D_5__uncultured bacterium;D_6__;D_7__;D_8__;D_9__;D_10__;D_11__;D_12__;D_13__;D_14__	0.99851223336096
fb4bd4ec1bba12ddcd1a267e56681431	D_0__Bacteria;D_1__Proteobacteria;D_2__Deltaproteobacteria;D_3__Myxococcales;D_4__Sandaracinaceae;D_5__uncultured;Ambiguous_taxa;D_7__;D_8__;D_9__;D_10__;D_11__;D_12__;D_13__;D_14__	0.780402386443016
4b3bcaf5df7b2f1b4a96ffd8dee3a24a	D_0__Bacteria;D_1__Verrucomicrobia;D_2__Verrucomicrobiae;D_3__Methylacidiphilales;D_4__Methylacidiphilaceae	0.8821766194067228
3509fed338d1217d180a54c454d9d228	D_0__Bacteria;D_1__Bacteroidetes;D_2__Bacteroidia;D_3__Chitinophagales;D_4__Saprospiraceae;D_5__uncultured;D_6__uncultured bacterium;D_7__;D_8__;D_9__;D_10__;D_11__;D_12__;D_13__;D_14__	0.895101085145744
aa283676acbc2b81c6317eba6ea3f39f	D_0__Bacteria;D_1__Bacteroidetes;D_2__Bacteroidia;D_3__Cytophagales;D_4__Cyclobacteriaceae;D_5__Fulvivirga	0.8183971051716145
97b5e4493f511d1a70a25761a9cfa2ef	D_0__Bacteria;D_1__Cyanobacteria;D_2__Oxyphotobacteria;D_3__Nostocales;D_4__Nostocaceae	0.9997155402611931
d4a8d964813e522585342a816ca60e3b	D_0__Bacteria;D_1__Bacteroidetes;D_2__Bacteroidia;D_3__Chitinophagales;D_4__Saprospiraceae	0.9999204456622139
a8374aa42f539a440c537c9ce9ca7f38	D_0__Bacteria;D_1__Proteobacteria;D_2__Alphaproteobacteria;D_3__Rhodovibrionales;D_4__Kiloniellaceae;D_5__Pelagibius	0.9999989927667544
a402ddcfc88432d2e5be36e3cc522a98	D_0__Bacteria;D_1__Bacteroidetes;D_2__Bacteroidia;D_3__Flavobacteriales;D_4__Flavobacteriaceae;D_5__Aureicoccus;Ambiguous_taxa;D_7__;D_8__;D_9__;D_10__;D_11__;D_12__;D_13__;D_14__	0.9999996640061961
b2fb6bf608cea5f869a8ccf7b0287e3a	D_0__Bacteria;D_1__Bacteroidetes;D_2__Bacteroidia;D_3__Chitinophagales;D_4__uncultured;D_5__uncultured organism;D_6__;D_7__;D_8__;D_9__;D_10__;D_11__;D_12__;D_13__;D_14__	0.7937664228752275
70d9eed410ff837e3c3fb6b7a7d803e0	D_0__Bacteria;D_1__Bacteroidetes;D_2__Bacteroidia;D_3__Chitinophagales;D_4__uncultured;D_5__uncultured Sphingobacteriales bacterium;D_6__;D_7__;D_8__;D_9__;D_10__;D_11__;D_12__;D_13__;D_14__	0.7847328976987955
6221eddf7666532765e91cb5d757eb1b	D_0__Bacteria;D_1__Bacteroidetes;D_2__Bacteroidia;D_3__Cytophagales;D_4__Cyclobacteriaceae;D_5__Imperialibacter;D_6__uncultured bacterium;D_7__;D_8__;D_9__;D_10__;D_11__;D_12__;D_13__;D_14__	0.8883223001933988
37c0c5d1b3d876b7a29eb8f54b575ca3	D_0__Bacteria;D_1__Bacteroidetes;D_2__Bacteroidia;D_3__Flavobacteriales;D_4__Flavobacteriaceae;D_5__Wenyingzhuangia;D_6__uncultured Flavobacteriales bacterium;D_7__;D_8__;D_9__;D_10__;D_11__;D_12__;D_13__;D_14__	0.9600772976188149
10a194f411cc16b5e302245496361d8a	D_0__Bacteria;D_1__Acidobacteria;D_2__Thermoanaerobaculia;D_3__Thermoanaerobaculales;D_4__Thermoanaerobaculaceae;D_5__Subgroup 10	0.9887529174338042
ab875d5f4f480b1e46f8a09ef4ee6fed	D_0__Bacteria;D_1__Bacteroidetes;D_2__Bacteroidia;D_3__Cytophagales;D_4__Amoebophilaceae;D_5__Candidatus Amoebophilus	0.9999896182512129
ca0446f6e2360b5b7d0cb01b6706eb4b	D_0__Bacteria;D_1__Proteobacteria;D_2__Gammaproteobacteria;D_3__Tenderiales;D_4__Tenderiaceae;D_5__Candidatus Tenderia;D_6__uncultured bacterium;D_7__;D_8__;D_9__;D_10__;D_11__;D_12__;D_13__;D_14__	0.9502711677521629
678f26216fb480b0fa00b9054a87692e	D_0__Bacteria;D_1__Bacteroidetes;D_2__Bacteroidia;D_3__Cytophagales;D_4__Cyclobacteriaceae;D_5__Fulvivirga;Ambiguous_taxa;D_7__;D_8__;D_9__;D_10__;D_11__;D_12__;D_13__;D_14__	0.9988688077238749
5ed6ad890355ff6ba0cd19bc3571130c	D_0__Bacteria;D_1__Epsilonbacteraeota;D_2__Campylobacteria;D_3__Campylobacterales;D_4__Sulfurovaceae	0.8519042595408421
044ecc0de928be297be918139505d91d	D_0__Bacteria;D_1__Proteobacteria;D_2__Deltaproteobacteria;D_3__Myxococcales;D_4__Nannocystaceae;D_5__Enhygromyxa	0.8393552051764366
9ce972bc59d6d1e4cf7c00a6ac86c8e6	D_0__Bacteria;D_1__Bacteroidetes;D_2__Bacteroidia;D_3__Flavobacteriales;D_4__Flavobacteriaceae;D_5__Wenyingzhuangia	0.7618707579094679
ebb04e6496b4ad28a5c9844cde763518	D_0__Bacteria;D_1__Proteobacteria;D_2__Alphaproteobacteria;D_3__Kordiimonadales;D_4__uncultured	0.9999999061957071
bf32ce9b9e11a266734392ddc8d0e9df	D_0__Bacteria;D_1__Proteobacteria;D_2__Alphaproteobacteria;D_3__Rhodovibrionales;D_4__Kiloniellaceae	0.8643786144153708
1975fc9ce07055b6284ce025673c7af6	D_0__Bacteria;D_1__Bacteroidetes;D_2__Bacteroidia;D_3__Chitinophagales;D_4__Saprospiraceae	0.9998704765141869
c97d41d171841555bcd7bdd00bcb38dc	D_0__Bacteria;D_1__Chloroflexi;D_2__Anaerolineae;D_3__Ardenticatenales;D_4__uncultured;D_5__uncultured bacterium;D_6__;D_7__;D_8__;D_9__;D_10__;D_11__;D_12__;D_13__;D_14__	0.912625255003088
926c4e7424cb7b4d2a0fa620852e19d4	D_0__Bacteria;D_1__Bacteroidetes;D_2__Bacteroidia;D_3__Chitinophagales;D_4__Saprospiraceae;D_5__uncultured	0.9034122365653163
3ae3b0711975cdbfbab62bb463f4fc00	D_0__Bacteria;D_1__Proteobacteria;D_2__Alphaproteobacteria;D_3__Rhodospirillales;D_4__Terasakiellaceae;D_5__uncultured;D_6__Aestuariispira sp.;D_7__;D_8__;D_9__;D_10__;D_11__;D_12__;D_13__;D_14__	0.9599243423663967
5d995688a5c90755b7e0e8392be30a3d	D_0__Bacteria;D_1__Cyanobacteria;D_2__Oxyphotobacteria	0.999992547148749
4279b6d0ee472cc8c17dadc6db396669	D_0__Bacteria;D_1__Bacteroidetes;D_2__Bacteroidia;D_3__Flavobacteriales;D_4__Flavobacteriaceae;D_5__Winogradskyella;D_6__Winogradskyella aquimaris;D_7__;D_8__;D_9__;D_10__;D_11__;D_12__;D_13__;D_14__	0.9893750809260213
12392c1387974cbf01c777c3a3d24280	D_0__Bacteria;D_1__Bacteroidetes;D_2__Bacteroidia;D_3__Chitinophagales;D_4__Saprospiraceae;D_5__Lewinella;D_6__uncultured Saprospiraceae bacterium;D_7__;D_8__;D_9__;D_10__;D_11__;D_12__;D_13__;D_14__	0.9848807106738575
c327ea2fdb0a826bcc25108d1baeeea3	D_0__Bacteria;D_1__Bacteroidetes;D_2__Bacteroidia;D_3__Cytophagales;D_4__Hymenobacteraceae;D_5__Hymenobacter	0.9754517553572958
7ba95e0697331d87838b61fccc3d53a1	D_0__Bacteria;D_1__Proteobacteria;D_2__Gammaproteobacteria;D_3__Gammaproteobacteria Incertae Sedis;D_4__Unknown Family	0.871695198051001
9bbe1f543175a62327a2a8b02f39a8c4	D_0__Bacteria;D_1__Bacteroidetes;D_2__Bacteroidia;D_3__Chitinophagales;D_4__Saprospiraceae;D_5__uncultured	0.8840918864044258
ff67831dde1749e8d97c2e50281e9801	D_0__Bacteria;D_1__Proteobacteria;D_2__Alphaproteobacteria;D_3__Caulobacterales;D_4__Hyphomonadaceae;D_5__uncultured	0.896129889716683
51752cbea2285841d2737c8a87d8a71c	D_0__Bacteria;D_1__Proteobacteria;D_2__Alphaproteobacteria;D_3__Rhodospirillales;D_4__Magnetospiraceae;D_5__Magnetospira	0.9587630624895985
46d0be1808e041566aeb5061d23ca2c6	D_0__Bacteria;D_1__Proteobacteria;D_2__Alphaproteobacteria	0.9999752993730884
bfc55e1d5e90bf68f71a9b311141b5a8	D_0__Bacteria;D_1__Cyanobacteria;D_2__Oxyphotobacteria	0.999991679689477
bfc27ca77661dcd3a84d23aae9e2c839	D_0__Bacteria;D_1__Proteobacteria;D_2__Alphaproteobacteria;D_3__Rhodovibrionales;D_4__Kiloniellaceae	0.8242656299901564
50becf457f735225c2d38d6f52c013cb	D_0__Bacteria;D_1__Planctomycetes;D_2__Planctomycetacia;D_3__Planctomycetales;D_4__Rubinisphaeraceae;D_5__Rubinisphaera;D_6__uncultured Planctomycetales bacterium;D_7__;D_8__;D_9__;D_10__;D_11__;D_12__;D_13__;D_14__	0.807140415991094
d5a5488c0e27aa70a8010a3163e86be9	D_0__Bacteria;D_1__Bacteroidetes;D_2__Bacteroidia;D_3__Cytophagales;D_4__Cyclobacteriaceae;D_5__Fulvivirga	0.7642633852097999
36b752e05d2740f06389adc26bbcdf5b	D_0__Bacteria;D_1__Chloroflexi;D_2__Anaerolineae;D_3__SBR1031;D_4__A4b	0.9861278113696512
6ccb963e1b7c4887197948a7b77a9ec4	D_0__Bacteria;D_1__Proteobacteria;D_2__Gammaproteobacteria	0.999949155073593
acc75cb28a63b595f990b53640d80498	D_0__Bacteria;D_1__Spirochaetes;D_2__Spirochaetia;D_3__Spirochaetales;D_4__Spirochaetaceae;D_5__Spirochaeta 2;D_6__uncultured Spirochaeta sp.;D_7__;D_8__;D_9__;D_10__;D_11__;D_12__;D_13__;D_14__	0.9215582216134229
60c3df49b0d5cdea2ddc5735827f29ea	D_0__Bacteria;D_1__Bacteroidetes;D_2__Bacteroidia;D_3__Chitinophagales;D_4__uncultured;D_5__uncultured Sphingobacteriales bacterium;D_6__;D_7__;D_8__;D_9__;D_10__;D_11__;D_12__;D_13__;D_14__	0.9429412218781996
5887081d14ef9aa30e0a36c22b7d7507	D_0__Bacteria;D_1__Bacteroidetes;D_2__Bacteroidia;D_3__Chitinophagales;D_4__uncultured	0.9981722734634052
fa6222ae07cff1055b140b4d6e4f2344	D_0__Bacteria;D_1__Bacteroidetes;D_2__Bacteroidia;D_3__Chitinophagales;D_4__Saprospiraceae;D_5__uncultured;D_6__uncultured marine bacterium;D_7__;D_8__;D_9__;D_10__;D_11__;D_12__;D_13__;D_14__	0.9272920726815528
74022a6768ce0476a440ea51ac47662e	D_0__Bacteria;D_1__Bacteroidetes;D_2__Bacteroidia;D_3__Cytophagales;D_4__Microscillaceae	0.8107783302230728
43783c2b57b4f18eb458029d4ef9be3c	D_0__Bacteria;D_1__Proteobacteria;D_2__Deltaproteobacteria;D_3__SAR324 clade(Marine group B);D_4__uncultured soil bacterium;D_5__;D_6__;D_7__;D_8__;D_9__;D_10__;D_11__;D_12__;D_13__;D_14__	0.8691884667532418
655d3d0eb2d4d5d07fd8d9e3c04845ca	D_0__Bacteria;D_1__Chloroflexi;D_2__Anaerolineae;D_3__SBR1031;D_4__A4b;D_5__uncultured bacterium;D_6__;D_7__;D_8__;D_9__;D_10__;D_11__;D_12__;D_13__;D_14__	0.9777897830709515
bc0aaa733e2a3d76c823785b8e18dd8e	D_0__Bacteria;D_1__Bacteroidetes;D_2__Bacteroidia;D_3__Cytophagales;D_4__Amoebophilaceae;D_5__Candidatus Amoebophilus	0.9999887052771765
6a6be605b0bc8f5ad34a35cb65960772	D_0__Bacteria;D_1__Epsilonbacteraeota;D_2__Campylobacteria;D_3__Campylobacterales	0.9545946659629075
e1a8cd166888c0b95a2c50bcf0a14d3d	D_0__Bacteria;D_1__Proteobacteria;D_2__Deltaproteobacteria;D_3__Desulfovibrionales;D_4__Desulfovibrionaceae;D_5__Halodesulfovibrio	0.999999981132734
7b38e60787df2c3d752676beb78c3fa9	D_0__Bacteria;D_1__Proteobacteria;D_2__Gammaproteobacteria;D_3__Alteromonadales;D_4__Alteromonadaceae	0.9999999968898771
5e1e40cfc997faffcb4e081ce5c45a23	D_0__Bacteria;D_1__Proteobacteria;D_2__Gammaproteobacteria;D_3__Oceanospirillales;D_4__Alcanivoracaceae;D_5__Alcanivorax	0.9310842321033256
d62127405e86239e0b45425c3d61048c	D_0__Bacteria;D_1__Bacteroidetes;D_2__Bacteroidia;D_3__Chitinophagales;D_4__Saprospiraceae;D_5__Lewinella;D_6__uncultured Saprospiraceae bacterium;D_7__;D_8__;D_9__;D_10__;D_11__;D_12__;D_13__;D_14__	0.730159806671334
c8438f8464a327e69738934de1429795	D_0__Bacteria;D_1__Proteobacteria;D_2__Alphaproteobacteria;D_3__Sphingomonadales;D_4__Sphingomonadaceae	0.8997252458704222
2cc634f8bdecde9e6df6c8a5feaf53bb	D_0__Bacteria;D_1__Cyanobacteria;D_2__Oxyphotobacteria;D_3__Limnotrichales;D_4__Limnotrichaceae;D_5__Limnothrix;D_6__uncultured bacterium;D_7__;D_8__;D_9__;D_10__;D_11__;D_12__;D_13__;D_14__	0.9858183962666068
494e79a8c10e9547e347805caffaebd4	D_0__Bacteria;D_1__Cyanobacteria;D_2__Oxyphotobacteria;D_3__Nostocales;D_4__Nostocales Incertae Sedis;D_5__Oscillatoria SAG8.92	0.9999804319310992
d1eb32527c773e29778e2c5c1c7ecad2	D_0__Bacteria;D_1__Cyanobacteria;D_2__Oxyphotobacteria;D_3__Oxyphotobacteria Incertae Sedis;D_4__Unknown Family	0.783823110446817
f402661adbbf4f5f410caedee2a29a75	D_0__Bacteria;D_1__Bacteroidetes;D_2__Bacteroidia;D_3__Chitinophagales;D_4__uncultured;D_5__uncultured organism;D_6__;D_7__;D_8__;D_9__;D_10__;D_11__;D_12__;D_13__;D_14__	0.7457465052105449
a9353b8502b86a25f8fa1bd2bd64b170	D_0__Bacteria;D_1__Cyanobacteria;D_2__Oxyphotobacteria;D_3__Nostocales;D_4__Nostocales Incertae Sedis;D_5__Oscillatoria SAG8.92;D_6__Oscillatoria corallinae;D_7__;D_8__;D_9__;D_10__;D_11__;D_12__;D_13__;D_14__	0.9892846545985832
463f4301ddfac0c92e8b957e1ca7d466	D_0__Bacteria;D_1__Proteobacteria;D_2__Alphaproteobacteria;D_3__Caulobacterales;D_4__Hyphomonadaceae;D_5__Hirschia;D_6__uncultured Hyphomonadaceae bacterium;D_7__;D_8__;D_9__;D_10__;D_11__;D_12__;D_13__;D_14__	0.9999904131694239
243e85b81a982980779e514a8a405865	D_0__Bacteria;D_1__Bacteroidetes;D_2__Bacteroidia;D_3__Cytophagales;D_4__Cyclobacteriaceae;D_5__Marinoscillum;D_6__uncultured Bacteroidetes bacterium;D_7__;D_8__;D_9__;D_10__;D_11__;D_12__;D_13__;D_14__	0.7385427066427871
a1a7617ff7d370bdb1809a36588a01da	D_0__Bacteria;D_1__Spirochaetes;D_2__Leptospirae;D_3__Leptospirales;D_4__Leptospiraceae;D_5__uncultured;D_6__uncultured spirochete;D_7__;D_8__;D_9__;D_10__;D_11__;D_12__;D_13__;D_14__	0.998295145645685
65cb86e373da7d58601a3a174647cd8b	D_0__Bacteria;D_1__Bacteroidetes;D_2__Bacteroidia;D_3__Chitinophagales;D_4__Saprospiraceae;D_5__uncultured	0.7317008433447754
931c436fe31f511b013bccfc54044a26	D_0__Bacteria;D_1__Bacteroidetes;D_2__Bacteroidia;D_3__Cytophagales;D_4__Amoebophilaceae;D_5__Candidatus Amoebophilus	0.9999977222352274
0a97867e4a77e3decd4afb44d55e6174	D_0__Bacteria;D_1__Acidobacteria;D_2__Thermoanaerobaculia;D_3__Thermoanaerobaculales;D_4__Thermoanaerobaculaceae;D_5__Subgroup 10	0.9985061225687307
e67c287a73e192302b15b6826473bbe3	D_0__Bacteria;D_1__Bacteroidetes;D_2__Bacteroidia;D_3__Cytophagales	0.9992399081922293
c59dc5d461291de8e331ac7d5995980f	D_0__Bacteria;D_1__Bacteroidetes;D_2__Bacteroidia;D_3__Chitinophagales;D_4__uncultured;D_5__uncultured Sphingobacteriales bacterium;D_6__;D_7__;D_8__;D_9__;D_10__;D_11__;D_12__;D_13__;D_14__	0.7956356236479717
546fbefec89be0f3e08588e73e663a7e	D_0__Bacteria;D_1__Bacteroidetes;D_2__Bacteroidia;D_3__Flavobacteriales;D_4__Crocinitomicaceae;D_5__Fluviicola	0.9331655719399855
297cbcaa19c953667512b180b9da24c6	D_0__Bacteria;D_1__Bacteroidetes;D_2__Bacteroidia;D_3__Flavobacteriales;D_4__Cryomorphaceae;D_5__uncultured	0.9867974181329705
937e849ce809c3ad4ac64b1f0e7f4fab	D_0__Bacteria;D_1__Proteobacteria;D_2__Alphaproteobacteria;D_3__Rhizobiales	0.7999077393006732
6ac69549e140241ad61356368fa6044f	D_0__Bacteria;D_1__Epsilonbacteraeota;D_2__Campylobacteria;D_3__Campylobacterales	0.9642354847812827
e0cfba7d09fc5df195ca9330c2a9344a	D_0__Bacteria;D_1__Cyanobacteria;D_2__Oxyphotobacteria;D_3__Nostocales;D_4__Phormidiaceae;D_5__Trichodesmium IMS101	0.9999999996171236
c18cc9a9ad4b94a9612df28ca4f8d926	D_0__Bacteria;D_1__Cyanobacteria;D_2__Oxyphotobacteria	0.9997454276576052
73aaa93f21a6cdbfbb245b50ac41dd0a	D_0__Bacteria;D_1__Bacteroidetes;D_2__Bacteroidia;D_3__Cytophagales;D_4__Cyclobacteriaceae;D_5__Ekhidna;D_6__uncultured Flammeovirgaceae bacterium;D_7__;D_8__;D_9__;D_10__;D_11__;D_12__;D_13__;D_14__	0.9999548630102874
9d60235ac10c3ad70cd85c0c6818691e	D_0__Bacteria;D_1__Bacteroidetes;D_2__Bacteroidia;D_3__Chitinophagales;D_4__Saprospiraceae;D_5__Lewinella;Ambiguous_taxa;D_7__;D_8__;D_9__;D_10__;D_11__;D_12__;D_13__;D_14__	0.7242004522238877
404d4dc8f7c84897f6eb4af79c72f0c6	D_0__Bacteria;D_1__Bacteroidetes;D_2__Bacteroidia;D_3__Flavobacteriales;D_4__Flavobacteriaceae;D_5__Aureicoccus;Ambiguous_taxa;D_7__;D_8__;D_9__;D_10__;D_11__;D_12__;D_13__;D_14__	0.9999996631900955
24fd7a5ba4f39fdd6327902d4e8ad0fd	D_0__Bacteria;D_1__Chloroflexi;D_2__Anaerolineae;D_3__SBR1031;D_4__A4b;Ambiguous_taxa;D_6__;D_7__;D_8__;D_9__;D_10__;D_11__;D_12__;D_13__;D_14__	0.9570240479424711
110450630bbdeff75344f163d6fc0d97	D_0__Bacteria;D_1__Planctomycetes;D_2__Planctomycetacia;D_3__Planctomycetales;D_4__Rubinisphaeraceae;D_5__Planctomicrobium;D_6__Planctomicrobium piriforme;D_7__;D_8__;D_9__;D_10__;D_11__;D_12__;D_13__;D_14__	0.7116478237289198
f2c2955cfa8c3a93edd4bbcd67956d29	D_0__Bacteria;D_1__Bacteroidetes;D_2__Bacteroidia;D_3__Chitinophagales;D_4__Saprospiraceae	0.9999833097342125
1f523bcf2ded81fbca1cc0d33c12a947	D_0__Bacteria;D_1__Cyanobacteria;D_2__Oxyphotobacteria	0.9999058531095978
756771759a74412b3708240f448989fb	D_0__Bacteria;D_1__Bacteroidetes;D_2__Bacteroidia;D_3__Cytophagales;D_4__Amoebophilaceae;D_5__Candidatus Amoebophilus	0.9999999999998247
e77b777910d21b233dc3dd673c48d146	D_0__Bacteria;D_1__Planctomycetes;D_2__Phycisphaerae;D_3__Phycisphaerales;D_4__Phycisphaeraceae;D_5__Phycisphaera;D_6__uncultured Planctomycetales bacterium;D_7__;D_8__;D_9__;D_10__;D_11__;D_12__;D_13__;D_14__	0.9916807889856929
7d91317f688a9f38fb59d9bf9cfee836	D_0__Bacteria;D_1__Bacteroidetes;D_2__Bacteroidia;D_3__Cytophagales;D_4__Amoebophilaceae;D_5__uncultured;D_6__uncultured Sphingobacteriales bacterium;D_7__;D_8__;D_9__;D_10__;D_11__;D_12__;D_13__;D_14__	0.9999969068749639
f0838eaf2618f773b21e33cfa7eafb8f	D_0__Bacteria;D_1__Planctomycetes;D_2__Phycisphaerae;D_3__Phycisphaerales;D_4__Phycisphaeraceae;D_5__Algisphaera;D_6__Algisphaera agarilytica;D_7__;D_8__;D_9__;D_10__;D_11__;D_12__;D_13__;D_14__	0.9999888419796085
7dea3d6b259d59ddb5c11381800fb1c1	D_0__Bacteria;D_1__Planctomycetes;D_2__Planctomycetacia;D_3__Pirellulales;D_4__Pirellulaceae;D_5__Blastopirellula;D_6__Planctomycetaceae bacterium FC18;D_7__;D_8__;D_9__;D_10__;D_11__;D_12__;D_13__;D_14__	0.9982141877841407
2b8c98c0f8875ba1ba67cd78c1928050	D_0__Bacteria;D_1__Proteobacteria;D_2__Alphaproteobacteria	0.999523396962516
d43ccb15a75a9c3a52840e0b1ad168a0	D_0__Bacteria;D_1__Kiritimatiellaeota;D_2__Kiritimatiellae;D_3__WCHB1-41;D_4__uncultured organism;D_5__;D_6__;D_7__;D_8__;D_9__;D_10__;D_11__;D_12__;D_13__;D_14__	0.9999559147591289
4e965525774ee27a774456f841f11aab	D_0__Bacteria;D_1__Proteobacteria;D_2__Deltaproteobacteria;D_3__Bradymonadales;D_4__uncultured bacterium;D_5__;D_6__;D_7__;D_8__;D_9__;D_10__;D_11__;D_12__;D_13__;D_14__	0.9984621741776432
804fd3487f81f006019afd8a40b61b4c	D_0__Bacteria;D_1__Bacteroidetes;D_2__Bacteroidia;D_3__Chitinophagales;D_4__uncultured	0.9983399562113031
5cdfd05e1e1e916589948f96787c14b0	D_0__Bacteria;D_1__Planctomycetes;D_2__Planctomycetacia;D_3__Pirellulales;D_4__Pirellulaceae;D_5__Blastopirellula;D_6__uncultured bacterium;D_7__;D_8__;D_9__;D_10__;D_11__;D_12__;D_13__;D_14__	0.922756528365028
32c3b22666f550e81f4179a954bb8a86	D_0__Bacteria;D_1__Cyanobacteria;D_2__Oxyphotobacteria;D_3__Phormidesmiales;D_4__Phormidesmiaceae;D_5__Acrophormium PCC-7375	0.9853375187746529
bbb4b35f3d1b7c6a2cafa211fc886077	D_0__Bacteria;D_1__Epsilonbacteraeota;D_2__Campylobacteria;D_3__Campylobacterales	0.9537675591223068
ab191cac6ebaadd917ebd95a82d06876	D_0__Bacteria;D_1__Bacteroidetes;D_2__Bacteroidia;D_3__Cytophagales;D_4__Amoebophilaceae;D_5__uncultured	0.9999904512176385
e75789d4aea8d753f945306109cbb8b8	D_0__Bacteria;D_1__Chloroflexi;D_2__Anaerolineae;D_3__SBR1031;D_4__A4b;D_5__uncultured organism;D_6__;D_7__;D_8__;D_9__;D_10__;D_11__;D_12__;D_13__;D_14__	0.9021666415800332
cb4a401d702c43c1b6e8924bb2b43e43	D_0__Bacteria;D_1__Planctomycetes;D_2__Planctomycetacia;D_3__Planctomycetales;D_4__Rubinisphaeraceae;D_5__Fuerstia;D_6__uncultured Planctomyces sp.;D_7__;D_8__;D_9__;D_10__;D_11__;D_12__;D_13__;D_14__	0.9863528687483452
628d06e761fb7ae4d581360d385f5e3e	D_0__Bacteria;D_1__Bacteroidetes;D_2__Bacteroidia;D_3__Chitinophagales;D_4__uncultured	0.9046169019269967
5cbfbc2c95ad46e7a9fe2109df57286f	D_0__Bacteria;D_1__Proteobacteria;D_2__Alphaproteobacteria;D_3__Rickettsiales;D_4__Midichloriaceae;D_5__MD3-55;D_6__uncultured alpha proteobacterium;D_7__;D_8__;D_9__;D_10__;D_11__;D_12__;D_13__;D_14__	0.9999944991407071
80ddce640d6c4f9504ccd30eba1ff3aa	D_0__Bacteria;D_1__Bacteroidetes;D_2__Bacteroidia;D_3__Chitinophagales;D_4__Saprospiraceae	0.9998813402670667
5d9009f25d8adfac9b3558b149c1a6ba	D_0__Bacteria;D_1__Proteobacteria;D_2__Gammaproteobacteria	0.9993687935320555
a5ddc42fb2171fe20831d3fc8d48ab99	D_0__Bacteria;D_1__Planctomycetes;D_2__Planctomycetacia;D_3__Planctomycetales;D_4__Rubinisphaeraceae;D_5__uncultured;D_6__uncultured bacterium;D_7__;D_8__;D_9__;D_10__;D_11__;D_12__;D_13__;D_14__	0.7046287895234313
74f64d4853881a6096f5cb2fadf5f78a	D_0__Bacteria;D_1__Bacteroidetes;D_2__Bacteroidia;D_3__Chitinophagales;D_4__Saprospiraceae;D_5__uncultured	0.8230278123694753
04d9f8a773536000827f371e2ac8d3f9	D_0__Bacteria;D_1__Planctomycetes;D_2__Phycisphaerae;D_3__Phycisphaerales;D_4__Phycisphaeraceae;D_5__Phycisphaera;D_6__uncultured Planctomycetales bacterium;D_7__;D_8__;D_9__;D_10__;D_11__;D_12__;D_13__;D_14__	0.9915434214309198
cdc2795b8d9b7427f947849b76365743	D_0__Bacteria;D_1__Bacteroidetes;D_2__Bacteroidia;D_3__Cytophagales;D_4__Amoebophilaceae;D_5__Candidatus Amoebophilus	0.9999827847318947
4072ff20e14b0bd007ecb6bfdce43038	D_0__Bacteria;D_1__Bacteroidetes;D_2__Bacteroidia;D_3__Cytophagales;D_4__Amoebophilaceae;D_5__Candidatus Amoebophilus	0.9999998706551123
9710b62138fc26a991dc6e5e0fa0283e	D_0__Bacteria;D_1__Epsilonbacteraeota;D_2__Campylobacteria;D_3__Campylobacterales	0.9574101347470323
e905ff3e25d74c0777edd54e814ebb25	Ambiguous_taxa;Ambiguous_taxa;Ambiguous_taxa;Ambiguous_taxa;Ambiguous_taxa;Ambiguous_taxa;Ambiguous_taxa;Ambiguous_taxa;Ambiguous_taxa;Ambiguous_taxa;Ambiguous_taxa;Ambiguous_taxa;Ambiguous_taxa;Ambiguous_taxa;D_14__	0.9958988376459081
2a8eb24bd83a6735c316a05f08abbb3c	D_0__Bacteria;D_1__Bacteroidetes;D_2__Bacteroidia;D_3__Cytophagales;D_4__Cyclobacteriaceae;D_5__uncultured;D_6__uncultured Fulvivirga sp.;D_7__;D_8__;D_9__;D_10__;D_11__;D_12__;D_13__;D_14__	0.997567870154676
76dc825f7a834a4e577dffb25858a876	D_0__Bacteria;D_1__Proteobacteria;D_2__Alphaproteobacteria;D_3__Thalassobaculales;D_4__uncultured	0.9912090432192558
d64a72ffba52770ac48fcef2dce3451f	D_0__Bacteria;D_1__Verrucomicrobia;D_2__Verrucomicrobiae;D_3__Methylacidiphilales;D_4__Methylacidiphilaceae;D_5__uncultured	0.97514616766517
c77ae1c990e83c1f520de823c2b7faec	D_0__Bacteria;D_1__Proteobacteria;D_2__Gammaproteobacteria	0.9995967181959182
cc206f3c92762519a43657fcba01e0e9	D_0__Bacteria;D_1__Planctomycetes;D_2__Planctomycetacia;D_3__Pirellulales;D_4__Pirellulaceae;D_5__Blastopirellula;D_6__Planctomycetaceae bacterium FC18;D_7__;D_8__;D_9__;D_10__;D_11__;D_12__;D_13__;D_14__	0.9990493815652328
b919d953e31a440d82b6d59242362dcc	D_0__Bacteria;D_1__Bacteroidetes;D_2__Bacteroidia;D_3__Flavobacteriales;D_4__Cryomorphaceae;D_5__uncultured	0.9999984683735074
e749c7a2343c091dc131e00ed16db6f6	D_0__Bacteria;D_1__Epsilonbacteraeota;D_2__Campylobacteria;D_3__Campylobacterales	0.959222497589068
18fd1409b2d69fb4eb74ef08b03a8f5f	D_0__Bacteria;D_1__Bacteroidetes;D_2__Bacteroidia;D_3__Flavobacteriales;D_4__Flavobacteriaceae;D_5__Aquimarina	0.9848126744548497
feca0d52917f6fc6d6451683d7383dea	D_0__Bacteria;D_1__Bacteroidetes;D_2__Bacteroidia;D_3__Flavobacteriales;D_4__Flavobacteriaceae;D_5__Psychroflexus;D_6__Flavobacteriaceae bacterium WDS2C27;D_7__;D_8__;D_9__;D_10__;D_11__;D_12__;D_13__;D_14__	0.833044342738243
ff2c1d96f858da186b2874a8f47195b4	D_0__Bacteria;D_1__Proteobacteria;D_2__Deltaproteobacteria;D_3__Desulfovibrionales;D_4__Desulfovibrionaceae;D_5__Desulfovibrio;D_6__Desulfovibrio sp. BlaC1;D_7__;D_8__;D_9__;D_10__;D_11__;D_12__;D_13__;D_14__	0.98491303080333
bab6eaca2e18de928d4b253c4a5bbfe5	D_0__Bacteria;D_1__Bacteroidetes;D_2__Bacteroidia	0.9998317956988072
fc6138d715dd4118f13955b1bfc9b8fd	D_0__Bacteria;D_1__Bacteroidetes;D_2__Bacteroidia;D_3__Chitinophagales;D_4__uncultured;D_5__uncultured Bacteroidetes bacterium;D_6__;D_7__;D_8__;D_9__;D_10__;D_11__;D_12__;D_13__;D_14__	0.9653510428987899
6460e607b74faf04992798c0927fc4ec	D_0__Bacteria;D_1__Proteobacteria;D_2__Alphaproteobacteria;D_3__Caulobacterales;D_4__Hyphomonadaceae	0.7734934849595698
241d871e2cc00bcc33ee1659967fc369	D_0__Bacteria;D_1__Proteobacteria;D_2__Gammaproteobacteria;D_3__Vibrionales;D_4__Vibrionaceae;D_5__Vibrio	0.9043500418946507
11b011a76584bf9139d69d190b572d8c	D_0__Bacteria;D_1__Bacteroidetes;D_2__Bacteroidia;D_3__Cytophagales;D_4__Cyclobacteriaceae;D_5__Reichenbachiella;D_6__uncultured Flammeovirgaceae bacterium;D_7__;D_8__;D_9__;D_10__;D_11__;D_12__;D_13__;D_14__	0.8567959144490932
66792a259bb0b09aef39ae6615a83b07	D_0__Bacteria;D_1__Proteobacteria;D_2__Alphaproteobacteria	0.9931405782996853
85d667983c502573a74917f89d12a99a	D_0__Bacteria;D_1__Proteobacteria;D_2__Alphaproteobacteria;D_3__Azospirillales	0.9635598064399818
f7fd0fd805fd1f3caee5a990305a313c	D_0__Bacteria;D_1__Epsilonbacteraeota;D_2__Campylobacteria;D_3__Campylobacterales	0.9617867508734272
2e1e1f4b7de09462ccce5e704c9dd4df	D_0__Bacteria;D_1__Bacteroidetes;D_2__Bacteroidia;D_3__Cytophagales;D_4__Amoebophilaceae;D_5__Candidatus Amoebophilus;D_6__uncultured Bacteroidetes bacterium;D_7__;D_8__;D_9__;D_10__;D_11__;D_12__;D_13__;D_14__	0.9500847917024002
509e6deff5052c91f1184f93629c1b12	D_0__Bacteria;D_1__Bacteroidetes;D_2__Bacteroidia;D_3__Cytophagales;D_4__Amoebophilaceae;D_5__Candidatus Amoebophilus;D_6__uncultured Bacteroidetes bacterium;D_7__;D_8__;D_9__;D_10__;D_11__;D_12__;D_13__;D_14__	0.9579424312355348
b604a25c36b7d080cbfb8d10956c969f	D_0__Bacteria;D_1__Cyanobacteria;D_2__Oxyphotobacteria;D_3__Thermosynechococcales	0.882578827262337
2b67aa445997da48ecd682de4b87e35f	D_0__Bacteria;D_1__Chloroflexi;D_2__Anaerolineae;D_3__SBR1031;D_4__A4b;D_5__uncultured bacterium;D_6__;D_7__;D_8__;D_9__;D_10__;D_11__;D_12__;D_13__;D_14__	0.8156990645433903
013f0513f37c3df789102d64eb593314	D_0__Bacteria;D_1__Bacteroidetes;D_2__Bacteroidia;D_3__Cytophagales;D_4__Cyclobacteriaceae;D_5__uncultured;D_6__uncultured Fulvivirga sp.;D_7__;D_8__;D_9__;D_10__;D_11__;D_12__;D_13__;D_14__	0.998865704931289
fe24921e80b60dbb37912225c3798df1	D_0__Bacteria;D_1__Bacteroidetes;D_2__Bacteroidia;D_3__Cytophagales;D_4__Cyclobacteriaceae;D_5__uncultured;D_6__uncultured Fulvivirga sp.;D_7__;D_8__;D_9__;D_10__;D_11__;D_12__;D_13__;D_14__	0.9966992702645547
e1ccd223bd344f29ee9acca63415a4cf	D_0__Bacteria;D_1__Acidobacteria;D_2__Aminicenantia;D_3__Aminicenantales;D_4__uncultured delta proteobacterium;D_5__;D_6__;D_7__;D_8__;D_9__;D_10__;D_11__;D_12__;D_13__;D_14__	0.9999999999994316
68a7d43fc0fde545e26b6a914a82b38a	D_0__Bacteria;D_1__Proteobacteria;D_2__Deltaproteobacteria;D_3__Bdellovibrionales;D_4__Bdellovibrionaceae;D_5__OM27 clade	0.999040587448044
2dd7d35365bdc7d4f44d445f2da652d2	D_0__Bacteria;D_1__Proteobacteria;D_2__Gammaproteobacteria	0.9987126324421197
9b1938d6ac5f5767c2098462d88b19d4	D_0__Bacteria;D_1__Spirochaetes;D_2__Spirochaetia;D_3__Spirochaetales;D_4__Spirochaetaceae;D_5__Spirochaeta 2;D_6__uncultured Spirochaeta sp.;D_7__;D_8__;D_9__;D_10__;D_11__;D_12__;D_13__;D_14__	0.9134732714720902
5af36751437263436aecda6609d85488	D_0__Bacteria;D_1__Bacteroidetes;D_2__Bacteroidia;D_3__Chitinophagales;D_4__Saprospiraceae;D_5__uncultured	0.8798492425798065
aa12288b1f9861e13229e3365b9694f5	D_0__Bacteria;D_1__Bacteroidetes;D_2__Bacteroidia;D_3__Chitinophagales;D_4__Saprospiraceae;D_5__uncultured;D_6__uncultured Sphingobacteriales bacterium;D_7__;D_8__;D_9__;D_10__;D_11__;D_12__;D_13__;D_14__	0.7959647387613945
828809c3e785c482e4056b23506935ea	D_0__Bacteria;D_1__Planctomycetes;D_2__Phycisphaerae;D_3__Phycisphaerales;D_4__Phycisphaeraceae;D_5__Algisphaera;D_6__Algisphaera agarilytica;D_7__;D_8__;D_9__;D_10__;D_11__;D_12__;D_13__;D_14__	0.9999888419796085
687c195d3a1bd3bc219cf2646e5dbd1e	D_0__Bacteria;D_1__Bacteroidetes;D_2__Bacteroidia;D_3__Cytophagales	0.9992244016973032
65451baa1bab9bd1bb1303965c671eb2	D_0__Bacteria;D_1__Proteobacteria;D_2__Alphaproteobacteria;D_3__Caulobacterales;D_4__Hyphomonadaceae;D_5__uncultured;D_6__uncultured Hyphomonadaceae bacterium;D_7__;D_8__;D_9__;D_10__;D_11__;D_12__;D_13__;D_14__	0.9969651970400565
905bb0857e3bbc2658a3aadd541da3cf	D_0__Bacteria;D_1__Proteobacteria;D_2__Gammaproteobacteria;D_3__Cellvibrionales;D_4__Spongiibacteraceae;D_5__BD1-7 clade	0.998778088082242
02776e39a2cd00b813f1d57b45077548	D_0__Bacteria;D_1__Bacteroidetes;D_2__Bacteroidia;D_3__Chitinophagales;D_4__Saprospiraceae;D_5__Aureispira;D_6__Saprospira sp. SS98-5;D_7__;D_8__;D_9__;D_10__;D_11__;D_12__;D_13__;D_14__	0.8360502176558975
fd69feba8f42a0740965e7312383f465	D_0__Bacteria;D_1__Proteobacteria;D_2__Gammaproteobacteria;D_3__Francisellales;D_4__Francisellaceae;D_5__[Caedibacter] taeniospiralis group;D_6__uncultured bacterium;D_7__;D_8__;D_9__;D_10__;D_11__;D_12__;D_13__;D_14__	0.9992241052687983
121dc349c351c47760304dd1b87a3477	D_0__Bacteria;D_1__Bacteroidetes;D_2__Bacteroidia;D_3__Chitinophagales;D_4__Saprospiraceae	0.9999178312365153
83c6ce3a308aa3a80f5cea1a00359d84	D_0__Bacteria;D_1__Spirochaetes;D_2__Leptospirae;D_3__Leptospirales;D_4__Leptospiraceae;D_5__uncultured;D_6__uncultured Spirochaetales bacterium;D_7__;D_8__;D_9__;D_10__;D_11__;D_12__;D_13__;D_14__	0.7863182713389015
8b7651836c9b4d1063f1762dab9c791e	D_0__Bacteria;D_1__Acidobacteria;D_2__Blastocatellia (Subgroup 4);D_3__Blastocatellales;D_4__Blastocatellaceae;D_5__Blastocatella;D_6__uncultured marine bacterium;D_7__;D_8__;D_9__;D_10__;D_11__;D_12__;D_13__;D_14__	0.9984987298094001
bb915c1456ac4ecb591d7e87676ac8ec	D_0__Bacteria;D_1__Bacteroidetes;D_2__Bacteroidia;D_3__Cytophagales;D_4__Cyclobacteriaceae	0.8013969492727455
3e4dfaab3acaabb2f1af11b689544553	D_0__Bacteria;D_1__Proteobacteria;D_2__Gammaproteobacteria	0.9999735750628154
843a1bc7d1816f2d90c49c2da0bfd7a6	D_0__Bacteria;D_1__Bacteroidetes;D_2__Bacteroidia;D_3__Cytophagales;D_4__Microscillaceae	0.8256753714186272
c3169d5279389b237306c0953bef4142	D_0__Bacteria;D_1__Bacteroidetes;D_2__Bacteroidia;D_3__Cytophagales;D_4__Cyclobacteriaceae;D_5__Ekhidna	0.9999999835679227
d73ed0d79c6fd17a81bcd255b3c3c6bd	D_0__Bacteria;D_1__Proteobacteria;D_2__Alphaproteobacteria;D_3__Thalassobaculales;D_4__uncultured	0.912005705209798
bb9bc80d68b4b6b65b989917b59eefa6	D_0__Bacteria;D_1__Bacteroidetes;D_2__Bacteroidia;D_3__Chitinophagales;D_4__Saprospiraceae	0.9994401971818856
149dd10824134aa41675c70b729a8ae4	D_0__Bacteria;D_1__Epsilonbacteraeota;D_2__Campylobacteria;D_3__Campylobacterales	0.9508003363559064
87ae97b806526d8cdd62564a39502542	D_0__Bacteria;D_1__Bacteroidetes;D_2__Bacteroidia;D_3__Flavobacteriales;D_4__Cryomorphaceae;D_5__uncultured	0.9999974359357169
7170ea10715740e2b3b37403c12dd32e	D_0__Bacteria;D_1__Verrucomicrobia;D_2__Verrucomicrobiae;D_3__Opitutales;D_4__Puniceicoccaceae;D_5__Coraliomargarita;D_6__uncultured bacterium;D_7__;D_8__;D_9__;D_10__;D_11__;D_12__;D_13__;D_14__	0.8078381074132291
027c2c5853fc037b3d09dfb3bdcc5dd3	D_0__Bacteria;D_1__Bacteroidetes;D_2__Bacteroidia;D_3__Cytophagales;D_4__Cyclobacteriaceae;D_5__uncultured	0.8307293928909328
6bfa9f2142fbff0b2e4990125758b36c	D_0__Bacteria;D_1__Proteobacteria;D_2__Gammaproteobacteria;D_3__Francisellales;D_4__Francisellaceae;D_5__[Caedibacter] taeniospiralis group;D_6__uncultured bacterium;D_7__;D_8__;D_9__;D_10__;D_11__;D_12__;D_13__;D_14__	0.9993457017858378
1a6664ac8303293dcc628739f05a1b58	D_0__Bacteria;D_1__Bacteroidetes;D_2__Bacteroidia;D_3__Flavobacteriales;D_4__Flavobacteriaceae;D_5__NS5 marine group	0.9999965408360024
