"#gene_id","baseMean","log2FoldChange","lfcSE","stat","pvalue","padj","transcript_id","sprot_Top_BLASTX_hit","RNAMMER","prot_id","prot_coords","sprot_Top_BLASTP_hit","Pfam","SignalP","TmHMM","eggnog","Kegg","gene_ontology_blast","gene_ontology_pfam","transcript","peptide"
"Mcavernosa23377",19.8136135273585,-10.5934304473101,2.27712770103056,-4.65210205054194,3.2856839495587e-06,0.00324187483023125,"Mcavernosa23377",".",".","Mcavernosa23377","1-1052[+]",".",".",".",".",".",".",".",".",".","."
"Mcavernosa15098",5.40536170501377,-3.65166182770413,0.901083553522143,-4.05252300236816,5.06682405009724e-05,0.032152509883617,"Mcavernosa15098","PGAP2_CAEBR^PGAP2_CAEBR^Q:12-198,H:9-243^33.33%ID^E:4e-27^RecName: Full=Post-GPI attachment to proteins factor 2;^Eukaryota; Metazoa; Ecdysozoa; Nematoda; Chromadorea; Rhabditida; Rhabditoidea; Rhabditidae; Peloderinae; Caenorhabditis`PGAP2_BOVIN^PGAP2_BOVIN^Q:27-184,H:30-231^36.59%ID^E:8e-27^RecName: Full=Post-GPI attachment to proteins factor 2;^Eukaryota; Metazoa; Chordata; Craniata; Vertebrata; Euteleostomi; Mammalia; Eutheria; Laurasiatheria; Cetartiodactyla; Ruminantia; Pecora; Bovidae; Bovinae; Bos`PGAP2_CRIGR^PGAP2_CRIGR^Q:27-184,H:30-231^34.48%ID^E:7e-26^RecName: Full=Post-GPI attachment to proteins factor 2;^Eukaryota; Metazoa; Chordata; Craniata; Vertebrata; Euteleostomi; Mammalia; Eutheria; Euarchontoglires; Glires; Rodentia; Myomorpha; Muroidea; Cricetidae; Cricetinae; Cricetulus",".","Mcavernosa15098","1-2249[+]","PGAP2_CAEBR^PGAP2_CAEBR^Q:12-198,H:9-243^33.33%ID^E:4e-27^RecName: Full=Post-GPI attachment to proteins factor 2;^Eukaryota; Metazoa; Ecdysozoa; Nematoda; Chromadorea; Rhabditida; Rhabditoidea; Rhabditidae; Peloderinae; Caenorhabditis`PGAP2_BOVIN^PGAP2_BOVIN^Q:27-184,H:30-231^36.59%ID^E:8e-27^RecName: Full=Post-GPI attachment to proteins factor 2;^Eukaryota; Metazoa; Chordata; Craniata; Vertebrata; Euteleostomi; Mammalia; Eutheria; Laurasiatheria; Cetartiodactyla; Ruminantia; Pecora; Bovidae; Bovinae; Bos`PGAP2_CRIGR^PGAP2_CRIGR^Q:27-184,H:30-231^34.48%ID^E:7e-26^RecName: Full=Post-GPI attachment to proteins factor 2;^Eukaryota; Metazoa; Chordata; Craniata; Vertebrata; Euteleostomi; Mammalia; Eutheria; Euarchontoglires; Glires; Rodentia; Myomorpha; Muroidea; Cricetidae; Cricetinae; Cricetulus","PF10277.8^Frag1^Frag1/DRAM/Sfk1 family^19-115^E:4.1e-10",".","ExpAA=85.04^PredHel=4^Topology=i21-43o72-94i137-155o165-187i","ENOG410XT2T^Post-GPI attachment to proteins",".","GO:0005789^cellular_component^endoplasmic reticulum membrane`GO:0000139^cellular_component^Golgi membrane`GO:0016021^cellular_component^integral component of membrane`GO:0008565^molecular_function^protein transporter activity`GO:0006506^biological_process^GPI anchor biosynthetic process",".",".","."
"Mcavernosa10389",779.565163546155,-2.88923114673481,0.725396879165372,-3.98296605584947,6.80604796426985e-05,0.0335765032903979,"Mcavernosa10389","MFSD6_PIG^MFSD6_PIG^Q:333-666,H:280-654^24.8%ID^E:5e-35^RecName: Full=Major facilitator superfamily domain-containing protein 6;^Eukaryota; Metazoa; Chordata; Craniata; Vertebrata; Euteleostomi; Mammalia; Eutheria; Laurasiatheria; Cetartiodactyla; Suina; Suidae; Sus`MFSD6_HUMAN^MFSD6_HUMAN^Q:333-666,H:271-645^25.07%ID^E:5e-35^RecName: Full=Major facilitator superfamily domain-containing protein 6;^Eukaryota; Metazoa; Chordata; Craniata; Vertebrata; Euteleostomi; Mammalia; Eutheria; Euarchontoglires; Primates; Haplorrhini; Catarrhini; Hominidae; Homo`MFSD6_MOUSE^MFSD6_MOUSE^Q:322-666,H:261-648^25.26%ID^E:1e-34^RecName: Full=Major facilitator superfamily domain-containing protein 6;^Eukaryota; Metazoa; Chordata; Craniata; Vertebrata; Euteleostomi; Mammalia; Eutheria; Euarchontoglires; Glires; Rodentia; Myomorpha; Muroidea; Muridae; Murinae; Mus; Mus`MFSD6_MOUSE^MFSD6_MOUSE^Q:7-165,H:35-185^35.62%ID^E:1e-20^RecName: Full=Major facilitator superfamily domain-containing protein 6;^Eukaryota; Metazoa; Chordata; Craniata; Vertebrata; Euteleostomi; Mammalia; Eutheria; Euarchontoglires; Glires; Rodentia; Myomorpha; Muroidea; Muridae; Murinae; Mus; Mus`MFSD6_PIG^MFSD6_PIG^Q:7-139,H:35-160^37.59%ID^E:3e-20^RecName: Full=Major facilitator superfamily domain-containing protein 6;^Eukaryota; Metazoa; Chordata; Craniata; Vertebrata; Euteleostomi; Mammalia; Eutheria; Laurasiatheria; Cetartiodactyla; Suina; Suidae; Sus`MFSD6_HUMAN^MFSD6_HUMAN^Q:7-139,H:34-159^36.84%ID^E:6e-20^RecName: Full=Major facilitator superfamily domain-containing protein 6;^Eukaryota; Metazoa; Chordata; Craniata; Vertebrata; Euteleostomi; Mammalia; Eutheria; Euarchontoglires; Primates; Haplorrhini; Catarrhini; Hominidae; Homo",".","Mcavernosa10389","1-2669[+]","MFSD6_PIG^MFSD6_PIG^Q:333-666,H:280-654^24.8%ID^E:5e-35^RecName: Full=Major facilitator superfamily domain-containing protein 6;^Eukaryota; Metazoa; Chordata; Craniata; Vertebrata; Euteleostomi; Mammalia; Eutheria; Laurasiatheria; Cetartiodactyla; Suina; Suidae; Sus`MFSD6_HUMAN^MFSD6_HUMAN^Q:333-666,H:271-645^25.07%ID^E:5e-35^RecName: Full=Major facilitator superfamily domain-containing protein 6;^Eukaryota; Metazoa; Chordata; Craniata; Vertebrata; Euteleostomi; Mammalia; Eutheria; Euarchontoglires; Primates; Haplorrhini; Catarrhini; Hominidae; Homo`MFSD6_MOUSE^MFSD6_MOUSE^Q:322-666,H:261-648^25.26%ID^E:1e-34^RecName: Full=Major facilitator superfamily domain-containing protein 6;^Eukaryota; Metazoa; Chordata; Craniata; Vertebrata; Euteleostomi; Mammalia; Eutheria; Euarchontoglires; Glires; Rodentia; Myomorpha; Muroidea; Muridae; Murinae; Mus; Mus`MFSD6_MOUSE^MFSD6_MOUSE^Q:7-165,H:35-185^35.62%ID^E:1e-20^RecName: Full=Major facilitator superfamily domain-containing protein 6;^Eukaryota; Metazoa; Chordata; Craniata; Vertebrata; Euteleostomi; Mammalia; Eutheria; Euarchontoglires; Glires; Rodentia; Myomorpha; Muroidea; Muridae; Murinae; Mus; Mus`MFSD6_PIG^MFSD6_PIG^Q:7-139,H:35-160^37.59%ID^E:3e-20^RecName: Full=Major facilitator superfamily domain-containing protein 6;^Eukaryota; Metazoa; Chordata; Craniata; Vertebrata; Euteleostomi; Mammalia; Eutheria; Laurasiatheria; Cetartiodactyla; Suina; Suidae; Sus`MFSD6_HUMAN^MFSD6_HUMAN^Q:7-139,H:34-159^36.84%ID^E:6e-20^RecName: Full=Major facilitator superfamily domain-containing protein 6;^Eukaryota; Metazoa; Chordata; Craniata; Vertebrata; Euteleostomi; Mammalia; Eutheria; Euarchontoglires; Primates; Haplorrhini; Catarrhini; Hominidae; Homo","PF13347.5^MFS_2^MFS/sugar transport protein^19-142^E:1.1e-06`PF12832.6^MFS_1_like^MFS_1 like family^51-621^E:1.3e-70`PF07690.15^MFS_1^Major Facilitator Superfamily^471-649^E:5.8e-14",".","ExpAA=246.69^PredHel=12^Topology=i47-69o79-101i114-133o344-366i387-406o416-438i467-489o499-518i523-545o555-577i589-611o615-637i","ENOG410YMHR^Major facilitator superfamily domain containing","KEGG:ssc:100037960","GO:0016021^cellular_component^integral component of membrane","GO:0055085^biological_process^transmembrane transport`GO:0016021^cellular_component^integral component of membrane",".","."
"Mcavernosa00058",12.0332908183377,-4.92941968978365,1.30395653863584,-3.78035581994219,0.000156604387828927,0.0515054431081803,"Mcavernosa00058","NR3BA_DANRE^NR3BA_DANRE^Q:39-438,H:38-461^28.22%ID^E:4e-37^RecName: Full=Neurexin-3b;^Eukaryota; Metazoa; Chordata; Craniata; Vertebrata; Euteleostomi; Actinopterygii; Neopterygii; Teleostei; Ostariophysi; Cypriniformes; Cyprinidae; Danio`NRX3A_HUMAN^NRX3A_HUMAN^Q:39-411,H:42-419^28.97%ID^E:9e-37^RecName: Full=Neurexin-3;^Eukaryota; Metazoa; Chordata; Craniata; Vertebrata; Euteleostomi; Mammalia; Eutheria; Euarchontoglires; Primates; Haplorrhini; Catarrhini; Hominidae; Homo`NRX3A_MOUSE^NRX3A_MOUSE^Q:39-442,H:42-454^27.55%ID^E:5e-35^RecName: Full=Neurexin-3;^Eukaryota; Metazoa; Chordata; Craniata; Vertebrata; Euteleostomi; Mammalia; Eutheria; Euarchontoglires; Glires; Rodentia; Myomorpha; Muroidea; Muridae; Murinae; Mus; Mus`NR3BA_DANRE^NR3BA_DANRE^Q:33-347,H:467-795^30.77%ID^E:2e-27^RecName: Full=Neurexin-3b;^Eukaryota; Metazoa; Chordata; Craniata; Vertebrata; Euteleostomi; Actinopterygii; Neopterygii; Teleostei; Ostariophysi; Cypriniformes; Cyprinidae; Danio`NRX3A_HUMAN^NRX3A_HUMAN^Q:13-395,H:859-1240^25.69%ID^E:2e-21^RecName: Full=Neurexin-3;^Eukaryota; Metazoa; Chordata; Craniata; Vertebrata; Euteleostomi; Mammalia; Eutheria; Euarchontoglires; Primates; Haplorrhini; Catarrhini; Hominidae; Homo`NR3BA_DANRE^NR3BA_DANRE^Q:17-357,H:865-1206^25.56%ID^E:7e-21^RecName: Full=Neurexin-3b;^Eukaryota; Metazoa; Chordata; Craniata; Vertebrata; Euteleostomi; Actinopterygii; Neopterygii; Teleostei; Ostariophysi; Cypriniformes; Cyprinidae; Danio`NRX3A_HUMAN^NRX3A_HUMAN^Q:4-414,H:425-852^25.83%ID^E:9e-21^RecName: Full=Neurexin-3;^Eukaryota; Metazoa; Chordata; Craniata; Vertebrata; Euteleostomi; Mammalia; Eutheria; Euarchontoglires; Primates; Haplorrhini; Catarrhini; Hominidae; Homo`NRX3A_MOUSE^NRX3A_MOUSE^Q:13-357,H:859-1204^25.69%ID^E:2e-20^RecName: Full=Neurexin-3;^Eukaryota; Metazoa; Chordata; Craniata; Vertebrata; Euteleostomi; Mammalia; Eutheria; Euarchontoglires; Glires; Rodentia; Myomorpha; Muroidea; Muridae; Murinae; Mus; Mus`NRX3A_MOUSE^NRX3A_MOUSE^Q:4-414,H:425-852^25.83%ID^E:4e-20^RecName: Full=Neurexin-3;^Eukaryota; Metazoa; Chordata; Craniata; Vertebrata; Euteleostomi; Mammalia; Eutheria; Euarchontoglires; Glires; Rodentia; Myomorpha; Muroidea; Muridae; Murinae; Mus; Mus`NR3BA_DANRE^NR3BA_DANRE^Q:43-413,H:715-1035^22.98%ID^E:4e-07^RecName: Full=Neurexin-3b;^Eukaryota; Metazoa; Chordata; Craniata; Vertebrata; Euteleostomi; Actinopterygii; Neopterygii; Teleostei; Ostariophysi; Cypriniformes; Cyprinidae; Danio",".","Mcavernosa00058","1-4464[+]","NR3BA_DANRE^NR3BA_DANRE^Q:39-438,H:38-461^28.22%ID^E:4e-37^RecName: Full=Neurexin-3b;^Eukaryota; Metazoa; Chordata; Craniata; Vertebrata; Euteleostomi; Actinopterygii; Neopterygii; Teleostei; Ostariophysi; Cypriniformes; Cyprinidae; Danio`NRX3A_HUMAN^NRX3A_HUMAN^Q:39-411,H:42-419^28.97%ID^E:9e-37^RecName: Full=Neurexin-3;^Eukaryota; Metazoa; Chordata; Craniata; Vertebrata; Euteleostomi; Mammalia; Eutheria; Euarchontoglires; Primates; Haplorrhini; Catarrhini; Hominidae; Homo`NRX3A_MOUSE^NRX3A_MOUSE^Q:39-442,H:42-454^27.55%ID^E:5e-35^RecName: Full=Neurexin-3;^Eukaryota; Metazoa; Chordata; Craniata; Vertebrata; Euteleostomi; Mammalia; Eutheria; Euarchontoglires; Glires; Rodentia; Myomorpha; Muroidea; Muridae; Murinae; Mus; Mus`NR3BA_DANRE^NR3BA_DANRE^Q:33-347,H:467-795^30.77%ID^E:2e-27^RecName: Full=Neurexin-3b;^Eukaryota; Metazoa; Chordata; Craniata; Vertebrata; Euteleostomi; Actinopterygii; Neopterygii; Teleostei; Ostariophysi; Cypriniformes; Cyprinidae; Danio`NRX3A_HUMAN^NRX3A_HUMAN^Q:13-395,H:859-1240^25.69%ID^E:2e-21^RecName: Full=Neurexin-3;^Eukaryota; Metazoa; Chordata; Craniata; Vertebrata; Euteleostomi; Mammalia; Eutheria; Euarchontoglires; Primates; Haplorrhini; Catarrhini; Hominidae; Homo`NR3BA_DANRE^NR3BA_DANRE^Q:17-357,H:865-1206^25.56%ID^E:7e-21^RecName: Full=Neurexin-3b;^Eukaryota; Metazoa; Chordata; Craniata; Vertebrata; Euteleostomi; Actinopterygii; Neopterygii; Teleostei; Ostariophysi; Cypriniformes; Cyprinidae; Danio`NRX3A_HUMAN^NRX3A_HUMAN^Q:4-414,H:425-852^25.83%ID^E:9e-21^RecName: Full=Neurexin-3;^Eukaryota; Metazoa; Chordata; Craniata; Vertebrata; Euteleostomi; Mammalia; Eutheria; Euarchontoglires; Primates; Haplorrhini; Catarrhini; Hominidae; Homo`NRX3A_MOUSE^NRX3A_MOUSE^Q:13-357,H:859-1204^25.69%ID^E:2e-20^RecName: Full=Neurexin-3;^Eukaryota; Metazoa; Chordata; Craniata; Vertebrata; Euteleostomi; Mammalia; Eutheria; Euarchontoglires; Glires; Rodentia; Myomorpha; Muroidea; Muridae; Murinae; Mus; Mus`NRX3A_MOUSE^NRX3A_MOUSE^Q:4-414,H:425-852^25.83%ID^E:4e-20^RecName: Full=Neurexin-3;^Eukaryota; Metazoa; Chordata; Craniata; Vertebrata; Euteleostomi; Mammalia; Eutheria; Euarchontoglires; Glires; Rodentia; Myomorpha; Muroidea; Muridae; Murinae; Mus; Mus`NR3BA_DANRE^NR3BA_DANRE^Q:43-413,H:715-1035^22.98%ID^E:4e-07^RecName: Full=Neurexin-3b;^Eukaryota; Metazoa; Chordata; Craniata; Vertebrata; Euteleostomi; Actinopterygii; Neopterygii; Teleostei; Ostariophysi; Cypriniformes; Cyprinidae; Danio","PF02210.23^Laminin_G_2^Laminin G domain^52-180^E:5.4e-20`PF00054.22^Laminin_G_1^Laminin G domain^52-180^E:5.8e-19`PF02210.23^Laminin_G_2^Laminin G domain^277-404^E:1.6e-21`PF00054.22^Laminin_G_1^Laminin G domain^277-405^E:2.6e-18","sigP:1^24^0.854^YES","ExpAA=23.59^PredHel=1^Topology=o641-663i","ENOG410XNU6^Neurexin","KEGG:dre:570698","GO:0016021^cellular_component^integral component of membrane`GO:0046872^molecular_function^metal ion binding`GO:0001525^biological_process^angiogenesis`GO:0007155^biological_process^cell adhesion",".",".","."
"Mcavernosa04561",22.8282696380565,-2.74871695155679,0.757555425790237,-3.62840375499851,0.00028517902512082,0.0531353420910917,"Mcavernosa04561","LMAN1_MOUSE^LMAN1_MOUSE^Q:29-478,H:51-517^41.15%ID^E:1e-121^RecName: Full=Protein ERGIC-53;^Eukaryota; Metazoa; Chordata; Craniata; Vertebrata; Euteleostomi; Mammalia; Eutheria; Euarchontoglires; Glires; Rodentia; Myomorpha; Muroidea; Muridae; Murinae; Mus; Mus`LMAN1_CHLAE^LMAN1_CHLAE^Q:29-478,H:43-510^40.59%ID^E:6e-121^RecName: Full=Protein ERGIC-53;^Eukaryota; Metazoa; Chordata; Craniata; Vertebrata; Euteleostomi; Mammalia; Eutheria; Euarchontoglires; Primates; Haplorrhini; Catarrhini; Cercopithecidae; Cercopithecinae; Chlorocebus`LMAN1_HUMAN^LMAN1_HUMAN^Q:29-478,H:43-510^40.59%ID^E:2e-120^RecName: Full=Protein ERGIC-53;^Eukaryota; Metazoa; Chordata; Craniata; Vertebrata; Euteleostomi; Mammalia; Eutheria; Euarchontoglires; Primates; Haplorrhini; Catarrhini; Hominidae; Homo",".","Mcavernosa04561","1-2859[+]","LMAN1_MOUSE^LMAN1_MOUSE^Q:29-478,H:51-517^41.15%ID^E:1e-121^RecName: Full=Protein ERGIC-53;^Eukaryota; Metazoa; Chordata; Craniata; Vertebrata; Euteleostomi; Mammalia; Eutheria; Euarchontoglires; Glires; Rodentia; Myomorpha; Muroidea; Muridae; Murinae; Mus; Mus`LMAN1_CHLAE^LMAN1_CHLAE^Q:29-478,H:43-510^40.59%ID^E:6e-121^RecName: Full=Protein ERGIC-53;^Eukaryota; Metazoa; Chordata; Craniata; Vertebrata; Euteleostomi; Mammalia; Eutheria; Euarchontoglires; Primates; Haplorrhini; Catarrhini; Cercopithecidae; Cercopithecinae; Chlorocebus`LMAN1_HUMAN^LMAN1_HUMAN^Q:29-478,H:43-510^40.59%ID^E:2e-120^RecName: Full=Protein ERGIC-53;^Eukaryota; Metazoa; Chordata; Craniata; Vertebrata; Euteleostomi; Mammalia; Eutheria; Euarchontoglires; Primates; Haplorrhini; Catarrhini; Hominidae; Homo","PF03388.12^Lectin_leg-like^Legume-like lectin family^31-253^E:3.9e-76","sigP:1^22^0.867^YES","ExpAA=40.63^PredHel=2^Topology=i7-24o444-466i","ENOG410ZFRX^lectin, mannose-binding 1","KEGG:mmu:70361`KO:K10080","GO:0030134^cellular_component^COPII-coated ER to Golgi transport vesicle`GO:0005783^cellular_component^endoplasmic reticulum`GO:0005789^cellular_component^endoplasmic reticulum membrane`GO:0005793^cellular_component^endoplasmic reticulum-Golgi intermediate compartment`GO:0033116^cellular_component^endoplasmic reticulum-Golgi intermediate compartment membrane`GO:0005794^cellular_component^Golgi apparatus`GO:0000139^cellular_component^Golgi membrane`GO:0044220^cellular_component^host cell perinuclear region of cytoplasm`GO:0016021^cellular_component^integral component of membrane`GO:0043231^cellular_component^intracellular membrane-bounded organelle`GO:0030017^cellular_component^sarcomere`GO:0042802^molecular_function^identical protein binding`GO:0005537^molecular_function^mannose binding`GO:0046872^molecular_function^metal ion binding`GO:0007029^biological_process^endoplasmic reticulum organization`GO:0006888^biological_process^ER to Golgi vesicle-mediated transport`GO:0007030^biological_process^Golgi organization`GO:0010638^biological_process^positive regulation of organelle organization`GO:0015031^biological_process^protein transport","GO:0016020^cellular_component^membrane",".","."
"Mcavernosa29167",9.88612593115804,-3.56476026099703,0.966938089674883,-3.68664788269497,0.000227227419785115,0.0531353420910917,"Mcavernosa29167",".",".","Mcavernosa29167","1-1675[+]",".",".",".",".",".",".",".",".",".","."
"Mcavernosa33082",11.668202056714,-3.90865223424935,1.08606213956169,-3.59892136174344,0.000319539787966496,0.0531353420910917,"Mcavernosa33082","PGGHG_CHICK^PGGHG_CHICK^Q:44-682,H:24-696^35.63%ID^E:4e-125^RecName: Full=Protein-glucosylgalactosylhydroxylysine glucosidase {ECO:0000303|PubMed:26682924};^Eukaryota; Metazoa; Chordata; Craniata; Vertebrata; Euteleostomi; Archelosauria; Archosauria; Dinosauria; Saurischia; Theropoda; Coelurosauria; Aves; Neognathae; Galloanserae; Galliformes; Phasianidae; Phasianinae; Gallus`PGGHG_DANRE^PGGHG_DANRE^Q:98-678,H:12-641^35.46%ID^E:2e-116^RecName: Full=Protein-glucosylgalactosylhydroxylysine glucosidase {ECO:0000250|UniProtKB:Q32M88};^Eukaryota; Metazoa; Chordata; Craniata; Vertebrata; Euteleostomi; Actinopterygii; Neopterygii; Teleostei; Ostariophysi; Cypriniformes; Cyprinidae; Danio`PGGHG_HUMAN^PGGHG_HUMAN^Q:25-656,H:4-660^32.95%ID^E:7e-114^RecName: Full=Protein-glucosylgalactosylhydroxylysine glucosidase {ECO:0000303|PubMed:26682924};^Eukaryota; Metazoa; Chordata; Craniata; Vertebrata; Euteleostomi; Mammalia; Eutheria; Euarchontoglires; Primates; Haplorrhini; Catarrhini; Hominidae; Homo",".","Mcavernosa33082","1-2364[+]","PGGHG_CHICK^PGGHG_CHICK^Q:44-682,H:24-696^35.63%ID^E:4e-125^RecName: Full=Protein-glucosylgalactosylhydroxylysine glucosidase {ECO:0000303|PubMed:26682924};^Eukaryota; Metazoa; Chordata; Craniata; Vertebrata; Euteleostomi; Archelosauria; Archosauria; Dinosauria; Saurischia; Theropoda; Coelurosauria; Aves; Neognathae; Galloanserae; Galliformes; Phasianidae; Phasianinae; Gallus`PGGHG_DANRE^PGGHG_DANRE^Q:98-678,H:12-641^35.46%ID^E:2e-116^RecName: Full=Protein-glucosylgalactosylhydroxylysine glucosidase {ECO:0000250|UniProtKB:Q32M88};^Eukaryota; Metazoa; Chordata; Craniata; Vertebrata; Euteleostomi; Actinopterygii; Neopterygii; Teleostei; Ostariophysi; Cypriniformes; Cyprinidae; Danio`PGGHG_HUMAN^PGGHG_HUMAN^Q:25-656,H:4-660^32.95%ID^E:7e-114^RecName: Full=Protein-glucosylgalactosylhydroxylysine glucosidase {ECO:0000303|PubMed:26682924};^Eukaryota; Metazoa; Chordata; Craniata; Vertebrata; Euteleostomi; Mammalia; Eutheria; Euarchontoglires; Primates; Haplorrhini; Catarrhini; Hominidae; Homo","PF03632.14^Glyco_hydro_65m^Glycosyl hydrolase family 65 central catalytic domain^316-366^E:1.7e-06`PF03632.14^Glyco_hydro_65m^Glycosyl hydrolase family 65 central catalytic domain^385-512^E:3.4e-22","sigP:1^25^0.831^YES",".","COG1554^hydrolase family 65","KEGG:gga:422991`KO:K22078","GO:0005618^cellular_component^cell wall`GO:0005829^cellular_component^cytosol`GO:0047402^molecular_function^protein-glucosylgalactosylhydroxylysine glucosidase activity`GO:0005975^biological_process^carbohydrate metabolic process","GO:0003824^molecular_function^catalytic activity`GO:0005975^biological_process^carbohydrate metabolic process",".","."
"Mcavernosa32104",222.652079378598,-1.83025723211619,0.540848883357403,-3.38404550408717,0.000714261644402508,0.0880922694763093,"Mcavernosa32104","NPT2B_MOUSE^NPT2B_MOUSE^Q:22-592,H:34-611^55.9%ID^E:0^RecName: Full=Sodium-dependent phosphate transport protein 2B;^Eukaryota; Metazoa; Chordata; Craniata; Vertebrata; Euteleostomi; Mammalia; Eutheria; Euarchontoglires; Glires; Rodentia; Myomorpha; Muroidea; Muridae; Murinae; Mus; Mus`NPT2B_RAT^NPT2B_RAT^Q:53-592,H:61-611^57.32%ID^E:0^RecName: Full=Sodium-dependent phosphate transport protein 2B;^Eukaryota; Metazoa; Chordata; Craniata; Vertebrata; Euteleostomi; Mammalia; Eutheria; Euarchontoglires; Glires; Rodentia; Myomorpha; Muroidea; Muridae; Murinae; Rattus`NPT2B_PONAB^NPT2B_PONAB^Q:25-592,H:36-610^54.89%ID^E:0^RecName: Full=Sodium-dependent phosphate transport protein 2B;^Eukaryota; Metazoa; Chordata; Craniata; Vertebrata; Euteleostomi; Mammalia; Eutheria; Euarchontoglires; Primates; Haplorrhini; Catarrhini; Hominidae; Pongo",".","Mcavernosa32104","1-3210[+]","NPT2B_MOUSE^NPT2B_MOUSE^Q:22-592,H:34-611^55.9%ID^E:0^RecName: Full=Sodium-dependent phosphate transport protein 2B;^Eukaryota; Metazoa; Chordata; Craniata; Vertebrata; Euteleostomi; Mammalia; Eutheria; Euarchontoglires; Glires; Rodentia; Myomorpha; Muroidea; Muridae; Murinae; Mus; Mus`NPT2B_RAT^NPT2B_RAT^Q:53-592,H:61-611^57.32%ID^E:0^RecName: Full=Sodium-dependent phosphate transport protein 2B;^Eukaryota; Metazoa; Chordata; Craniata; Vertebrata; Euteleostomi; Mammalia; Eutheria; Euarchontoglires; Glires; Rodentia; Myomorpha; Muroidea; Muridae; Murinae; Rattus`NPT2B_PONAB^NPT2B_PONAB^Q:25-592,H:36-610^54.89%ID^E:0^RecName: Full=Sodium-dependent phosphate transport protein 2B;^Eukaryota; Metazoa; Chordata; Craniata; Vertebrata; Euteleostomi; Mammalia; Eutheria; Euarchontoglires; Primates; Haplorrhini; Catarrhini; Hominidae; Pongo","PF02690.14^Na_Pi_cotrans^Na+/Pi-cotransporter^102-201^E:2e-25`PF02690.14^Na_Pi_cotrans^Na+/Pi-cotransporter^367-480^E:4.6e-14",".","ExpAA=216.40^PredHel=9^Topology=i94-116o131-153i214-236o343-365i398-420o435-457i464-486o506-528i535-557o","COG1283^Na Pi-cotransporter","KEGG:mmu:20531`KO:K14683","GO:0016324^cellular_component^apical plasma membrane`GO:0005903^cellular_component^brush border`GO:0031526^cellular_component^brush border membrane`GO:0005737^cellular_component^cytoplasm`GO:0016021^cellular_component^integral component of membrane`GO:0031528^cellular_component^microvillus membrane`GO:0031982^cellular_component^vesicle`GO:0042301^molecular_function^phosphate ion binding`GO:0019904^molecular_function^protein domain specific binding`GO:0031402^molecular_function^sodium ion binding`GO:0015321^molecular_function^sodium-dependent phosphate transmembrane transporter activity`GO:0005436^molecular_function^sodium:phosphate symporter activity`GO:0030643^biological_process^cellular phosphate ion homeostasis`GO:0001701^biological_process^in utero embryonic development`GO:0006817^biological_process^phosphate ion transport`GO:0043627^biological_process^response to estrogen","GO:0015321^molecular_function^sodium-dependent phosphate transmembrane transporter activity`GO:0044341^biological_process^sodium-dependent phosphate transport`GO:0016020^cellular_component^membrane",".","."
"Mcavernosa10003",3.37821607269321,19.8158397641534,4.23367075964953,4.68053395956414,2.86128708442681e-06,0.00324187483023125,"Mcavernosa10003","AGL2_BACTQ^AGL2_BACTQ^Q:7-812,H:9-711^27.77%ID^E:3e-82^RecName: Full=Alpha-glucosidase 2;^Bacteria; Firmicutes; Bacilli; Bacillales; Bacillaceae; Bacillus`LYAG_BOVIN^LYAG_BOVIN^Q:175-774,H:239-812^27.78%ID^E:5e-48^RecName: Full=Lysosomal alpha-glucosidase;^Eukaryota; Metazoa; Chordata; Craniata; Vertebrata; Euteleostomi; Mammalia; Eutheria; Laurasiatheria; Cetartiodactyla; Ruminantia; Pecora; Bovidae; Bovinae; Bos`XYL2_ARATH^XYL2_ARATH^Q:220-857,H:204-774^26.95%ID^E:9e-48^RecName: Full=Putative alpha-xylosidase 2;^Eukaryota; Viridiplantae; Streptophyta; Embryophyta; Tracheophyta; Spermatophyta; Magnoliophyta; eudicotyledons; Gunneridae; Pentapetalae; rosids; malvids; Brassicales; Brassicaceae; Camelineae; Arabidopsis",".","Mcavernosa10003","1-3179[+]","AGL2_BACTQ^AGL2_BACTQ^Q:7-812,H:9-711^27.77%ID^E:3e-82^RecName: Full=Alpha-glucosidase 2;^Bacteria; Firmicutes; Bacilli; Bacillales; Bacillaceae; Bacillus`LYAG_BOVIN^LYAG_BOVIN^Q:175-774,H:239-812^27.78%ID^E:5e-48^RecName: Full=Lysosomal alpha-glucosidase;^Eukaryota; Metazoa; Chordata; Craniata; Vertebrata; Euteleostomi; Mammalia; Eutheria; Laurasiatheria; Cetartiodactyla; Ruminantia; Pecora; Bovidae; Bovinae; Bos`XYL2_ARATH^XYL2_ARATH^Q:220-857,H:204-774^26.95%ID^E:9e-48^RecName: Full=Putative alpha-xylosidase 2;^Eukaryota; Viridiplantae; Streptophyta; Embryophyta; Tracheophyta; Spermatophyta; Magnoliophyta; eudicotyledons; Gunneridae; Pentapetalae; rosids; malvids; Brassicales; Brassicaceae; Camelineae; Arabidopsis","PF16338.4^DUF4968^Domain of unknown function (DUF4968)^38-129^E:1.4e-11`PF13802.5^Gal_mutarotas_2^Galactose mutarotase-like^158-263^E:1.4e-08`PF01055.25^Glyco_hydro_31^Glycosyl hydrolases family 31^283-771^E:1e-100",".",".",".",".","GO:0004558^molecular_function^alpha-1,4-glucosidase activity`GO:0030246^molecular_function^carbohydrate binding`GO:0032450^molecular_function^maltose alpha-glucosidase activity","GO:0004553^molecular_function^hydrolase activity, hydrolyzing O-glycosyl compounds`GO:0005975^biological_process^carbohydrate metabolic process",".","."
"Mcavernosa13724",18.7272544552084,6.57495343484007,1.38028949490742,4.76345973732202,1.90301595699706e-06,0.00324187483023125,"Mcavernosa13724","CP39A_HUMAN^CP39A_HUMAN^Q:31-473,H:24-468^40.89%ID^E:3e-124^RecName: Full=24-hydroxycholesterol 7-alpha-hydroxylase;^Eukaryota; Metazoa; Chordata; Craniata; Vertebrata; Euteleostomi; Mammalia; Eutheria; Euarchontoglires; Primates; Haplorrhini; Catarrhini; Hominidae; Homo`CP39A_MOUSE^CP39A_MOUSE^Q:5-474,H:4-470^40%ID^E:5e-121^RecName: Full=24-hydroxycholesterol 7-alpha-hydroxylase;^Eukaryota; Metazoa; Chordata; Craniata; Vertebrata; Euteleostomi; Mammalia; Eutheria; Euarchontoglires; Glires; Rodentia; Myomorpha; Muroidea; Muridae; Murinae; Mus; Mus`CP51_DICDI^CP51_DICDI^Q:15-473,H:5-464^26.36%ID^E:4e-38^RecName: Full=Probable lanosterol 14-alpha demethylase;^Eukaryota; Amoebozoa; Mycetozoa; Dictyostelids; Dictyosteliales; Dictyosteliaceae; Dictyostelium",".","Mcavernosa13724","1-1875[+]","CP39A_HUMAN^CP39A_HUMAN^Q:31-473,H:24-468^40.89%ID^E:3e-124^RecName: Full=24-hydroxycholesterol 7-alpha-hydroxylase;^Eukaryota; Metazoa; Chordata; Craniata; Vertebrata; Euteleostomi; Mammalia; Eutheria; Euarchontoglires; Primates; Haplorrhini; Catarrhini; Hominidae; Homo`CP39A_MOUSE^CP39A_MOUSE^Q:5-474,H:4-470^40%ID^E:5e-121^RecName: Full=24-hydroxycholesterol 7-alpha-hydroxylase;^Eukaryota; Metazoa; Chordata; Craniata; Vertebrata; Euteleostomi; Mammalia; Eutheria; Euarchontoglires; Glires; Rodentia; Myomorpha; Muroidea; Muridae; Murinae; Mus; Mus`CP51_DICDI^CP51_DICDI^Q:15-473,H:5-464^26.36%ID^E:4e-38^RecName: Full=Probable lanosterol 14-alpha demethylase;^Eukaryota; Amoebozoa; Mycetozoa; Dictyostelids; Dictyosteliales; Dictyosteliaceae; Dictyostelium","PF00067.21^p450^Cytochrome P450^37-465^E:1.3e-56",".","ExpAA=42.93^PredHel=1^Topology=i7-29o","COG2124^Cytochrome p450","KEGG:hsa:51302`KO:K07439","GO:0005789^cellular_component^endoplasmic reticulum membrane`GO:0043231^cellular_component^intracellular membrane-bounded organelle`GO:0031090^cellular_component^organelle membrane`GO:0020037^molecular_function^heme binding`GO:0005506^molecular_function^iron ion binding`GO:0008396^molecular_function^oxysterol 7-alpha-hydroxylase activity`GO:0008387^molecular_function^steroid 7-alpha-hydroxylase activity`GO:0006699^biological_process^bile acid biosynthetic process`GO:0030573^biological_process^bile acid catabolic process`GO:0006707^biological_process^cholesterol catabolic process`GO:0007586^biological_process^digestion`GO:0016125^biological_process^sterol metabolic process","GO:0005506^molecular_function^iron ion binding`GO:0016705^molecular_function^oxidoreductase activity, acting on paired donors, with incorporation or reduction of molecular oxygen`GO:0020037^molecular_function^heme binding`GO:0055114^biological_process^oxidation-reduction process",".","."
"Mcavernosa02893",6.14958406669598,3.32229379440264,0.823113388115258,4.03625289343178,5.43116721007043e-05,0.032152509883617,"Mcavernosa02893",".",".","Mcavernosa02893","1-1268[+]",".",".","sigP:1^21^0.54^YES",".",".",".",".",".",".","."
"Mcavernosa02377",3.05367172338199,4.74580144167996,1.20945513386878,3.92391690173674,8.71207969984328e-05,0.0368396513021944,"Mcavernosa02377",".",".","Mcavernosa02377","1-684[+]",".","PF14625.5^Lustrin_cystein^Lustrin, cysteine-rich repeated domain^95-107^E:0.024",".",".",".",".",".",".",".","."
"Mcavernosa08291",23.5045782760548,5.09402868471361,1.32565512762008,3.84265000646043,0.000121712977282616,0.045033801594568,"Mcavernosa08291","SDCG3_BOVIN^SDCG3_BOVIN^Q:184-316,H:198-352^32.05%ID^E:2e-11^RecName: Full=Serologically defined colon cancer antigen 3 homolog;^Eukaryota; Metazoa; Chordata; Craniata; Vertebrata; Euteleostomi; Mammalia; Eutheria; Laurasiatheria; Cetartiodactyla; Ruminantia; Pecora; Bovidae; Bovinae; Bos`SDCG3_HUMAN^SDCG3_HUMAN^Q:184-316,H:274-428^31.41%ID^E:4e-11^RecName: Full=Serologically defined colon cancer antigen 3;^Eukaryota; Metazoa; Chordata; Craniata; Vertebrata; Euteleostomi; Mammalia; Eutheria; Euarchontoglires; Primates; Haplorrhini; Catarrhini; Hominidae; Homo`SDCG3_MOUSE^SDCG3_MOUSE^Q:184-316,H:272-426^32.05%ID^E:5e-11^RecName: Full=Serologically defined colon cancer antigen 3 homolog;^Eukaryota; Metazoa; Chordata; Craniata; Vertebrata; Euteleostomi; Mammalia; Eutheria; Euarchontoglires; Glires; Rodentia; Myomorpha; Muroidea; Muridae; Murinae; Mus; Mus",".","Mcavernosa08291","1-1500[+]","SDCG3_BOVIN^SDCG3_BOVIN^Q:184-316,H:198-352^32.05%ID^E:2e-11^RecName: Full=Serologically defined colon cancer antigen 3 homolog;^Eukaryota; Metazoa; Chordata; Craniata; Vertebrata; Euteleostomi; Mammalia; Eutheria; Laurasiatheria; Cetartiodactyla; Ruminantia; Pecora; Bovidae; Bovinae; Bos`SDCG3_HUMAN^SDCG3_HUMAN^Q:184-316,H:274-428^31.41%ID^E:4e-11^RecName: Full=Serologically defined colon cancer antigen 3;^Eukaryota; Metazoa; Chordata; Craniata; Vertebrata; Euteleostomi; Mammalia; Eutheria; Euarchontoglires; Primates; Haplorrhini; Catarrhini; Hominidae; Homo`SDCG3_MOUSE^SDCG3_MOUSE^Q:184-316,H:272-426^32.05%ID^E:5e-11^RecName: Full=Serologically defined colon cancer antigen 3 homolog;^Eukaryota; Metazoa; Chordata; Craniata; Vertebrata; Euteleostomi; Mammalia; Eutheria; Euarchontoglires; Glires; Rodentia; Myomorpha; Muroidea; Muridae; Murinae; Mus; Mus",".",".",".","ENOG4111TAC^Serologically defined colon cancer antigen 3","KEGG:bta:513180","GO:0005769^cellular_component^early endosome`GO:0030496^cellular_component^midbody`GO:0055037^cellular_component^recycling endosome`GO:0030904^cellular_component^retromer complex`GO:0007049^biological_process^cell cycle`GO:0051301^biological_process^cell division`GO:0015031^biological_process^protein transport`GO:0032465^biological_process^regulation of cytokinesis`GO:1990126^biological_process^retrograde transport, endosome to plasma membrane",".",".","."
"Mcavernosa03578",33.9232014127465,4.1642889417147,1.14155238669321,3.64791751150168,0.000264374482918835,0.0531353420910917,"Mcavernosa03578","SCYL1_XENTR^SCYL1_XENTR^Q:2-494,H:368-826^38.19%ID^E:1e-74^RecName: Full=N-terminal kinase-like protein;^Eukaryota; Metazoa; Chordata; Craniata; Vertebrata; Euteleostomi; Amphibia; Batrachia; Anura; Pipoidea; Pipidae; Xenopodinae; Xenopus; Silurana`SCYL1_XENLA^SCYL1_XENLA^Q:2-218,H:368-596^53.22%ID^E:6e-66^RecName: Full=N-terminal kinase-like protein;^Eukaryota; Metazoa; Chordata; Craniata; Vertebrata; Euteleostomi; Amphibia; Batrachia; Anura; Pipoidea; Pipidae; Xenopodinae; Xenopus; Xenopus`SCYL1_HUMAN^SCYL1_HUMAN^Q:2-212,H:373-591^53.85%ID^E:8e-60^RecName: Full=N-terminal kinase-like protein;^Eukaryota; Metazoa; Chordata; Craniata; Vertebrata; Euteleostomi; Mammalia; Eutheria; Euarchontoglires; Primates; Haplorrhini; Catarrhini; Hominidae; Homo",".","Mcavernosa03578","1-2336[+]","SCYL1_XENTR^SCYL1_XENTR^Q:2-494,H:368-826^38.19%ID^E:1e-74^RecName: Full=N-terminal kinase-like protein;^Eukaryota; Metazoa; Chordata; Craniata; Vertebrata; Euteleostomi; Amphibia; Batrachia; Anura; Pipoidea; Pipidae; Xenopodinae; Xenopus; Silurana`SCYL1_XENLA^SCYL1_XENLA^Q:2-218,H:368-596^53.22%ID^E:6e-66^RecName: Full=N-terminal kinase-like protein;^Eukaryota; Metazoa; Chordata; Craniata; Vertebrata; Euteleostomi; Amphibia; Batrachia; Anura; Pipoidea; Pipidae; Xenopodinae; Xenopus; Xenopus`SCYL1_HUMAN^SCYL1_HUMAN^Q:2-212,H:373-591^53.85%ID^E:8e-60^RecName: Full=N-terminal kinase-like protein;^Eukaryota; Metazoa; Chordata; Craniata; Vertebrata; Euteleostomi; Mammalia; Eutheria; Euarchontoglires; Primates; Haplorrhini; Catarrhini; Hominidae; Homo",".",".",".","ENOG410XQTG^S. cerevisiae","KEGG:xtr:548903`KO:K08876","GO:0005524^molecular_function^ATP binding`GO:0004672^molecular_function^protein kinase activity",".",".","."
"Mcavernosa13164",68.6123969539308,1.8146673773585,0.492813300350717,3.6822613676763,0.000231174223763951,0.0531353420910917,"Mcavernosa13164","Y9414_DICDI^Y9414_DICDI^Q:52-91,H:7-45^60%ID^E:6e-06^RecName: Full=Putative uncharacterized protein DDB_G0289245;^Eukaryota; Amoebozoa; Mycetozoa; Dictyostelids; Dictyosteliales; Dictyosteliaceae; Dictyostelium`Y9414_DICDI^Y9414_DICDI^Q:166-205,H:7-45^62.5%ID^E:1e-05^RecName: Full=Putative uncharacterized protein DDB_G0289245;^Eukaryota; Amoebozoa; Mycetozoa; Dictyostelids; Dictyosteliales; Dictyosteliaceae; Dictyostelium",".","Mcavernosa13164","1-1053[+]","Y9414_DICDI^Y9414_DICDI^Q:52-91,H:7-45^60%ID^E:6e-06^RecName: Full=Putative uncharacterized protein DDB_G0289245;^Eukaryota; Amoebozoa; Mycetozoa; Dictyostelids; Dictyosteliales; Dictyosteliaceae; Dictyostelium`Y9414_DICDI^Y9414_DICDI^Q:166-205,H:7-45^62.5%ID^E:1e-05^RecName: Full=Putative uncharacterized protein DDB_G0289245;^Eukaryota; Amoebozoa; Mycetozoa; Dictyostelids; Dictyosteliales; Dictyosteliaceae; Dictyostelium",".",".",".",".","KEGG:ddi:DDB_G0289245",".",".",".","."
"Mcavernosa15620",11.6522101236306,2.89461902321468,0.799127234254546,3.6222254719111,0.000292079364743965,0.0531353420910917,"Mcavernosa15620",".",".","Mcavernosa15620","1-1260[+]",".","PF01926.22^MMR_HSR1^50S ribosome-binding GTPase^139-263^E:9e-05",".",".",".",".",".","GO:0005525^molecular_function^GTP binding",".","."
"Mcavernosa18146",152.309334059692,1.96733167867649,0.545698440756393,3.60516272677923,0.000311957395092912,0.0531353420910917,"Mcavernosa18146",".",".","Mcavernosa18146","1-662[+]",".",".",".","ExpAA=21.96^PredHel=1^Topology=i21-43o",".",".",".",".",".","."
"Mcavernosa33295",88.2961267917864,1.94782386840903,0.52071842912594,3.74064707423277,0.000183547103703555,0.0531353420910917,"Mcavernosa33295",".",".","Mcavernosa33295","1-1782[+]",".",".",".",".",".",".",".",".",".","."
"Mcavernosa34374",6.57083196958554,5.03758453051798,1.40087695467319,3.59602213007581,0.000323120323526909,0.0531353420910917,"Mcavernosa34374","NGLY1_MOUSE^NGLY1_MOUSE^Q:1-314,H:301-650^31.52%ID^E:2e-50^RecName: Full=Peptide-N(4)-(N-acetyl-beta-glucosaminyl)asparagine amidase;^Eukaryota; Metazoa; Chordata; Craniata; Vertebrata; Euteleostomi; Mammalia; Eutheria; Euarchontoglires; Glires; Rodentia; Myomorpha; Muroidea; Muridae; Murinae; Mus; Mus`NGLY1_MACFA^NGLY1_MACFA^Q:1-314,H:304-653^31.52%ID^E:1e-49^RecName: Full=Peptide-N(4)-(N-acetyl-beta-glucosaminyl)asparagine amidase;^Eukaryota; Metazoa; Chordata; Craniata; Vertebrata; Euteleostomi; Mammalia; Eutheria; Euarchontoglires; Primates; Haplorrhini; Catarrhini; Cercopithecidae; Cercopithecinae; Macaca`NGLY1_HUMAN^NGLY1_HUMAN^Q:1-314,H:304-653^31.52%ID^E:2e-49^RecName: Full=Peptide-N(4)-(N-acetyl-beta-glucosaminyl)asparagine amidase;^Eukaryota; Metazoa; Chordata; Craniata; Vertebrata; Euteleostomi; Mammalia; Eutheria; Euarchontoglires; Primates; Haplorrhini; Catarrhini; Hominidae; Homo",".","Mcavernosa34374","1-2436[+]","NGLY1_MOUSE^NGLY1_MOUSE^Q:1-314,H:301-650^31.52%ID^E:2e-50^RecName: Full=Peptide-N(4)-(N-acetyl-beta-glucosaminyl)asparagine amidase;^Eukaryota; Metazoa; Chordata; Craniata; Vertebrata; Euteleostomi; Mammalia; Eutheria; Euarchontoglires; Glires; Rodentia; Myomorpha; Muroidea; Muridae; Murinae; Mus; Mus`NGLY1_MACFA^NGLY1_MACFA^Q:1-314,H:304-653^31.52%ID^E:1e-49^RecName: Full=Peptide-N(4)-(N-acetyl-beta-glucosaminyl)asparagine amidase;^Eukaryota; Metazoa; Chordata; Craniata; Vertebrata; Euteleostomi; Mammalia; Eutheria; Euarchontoglires; Primates; Haplorrhini; Catarrhini; Cercopithecidae; Cercopithecinae; Macaca`NGLY1_HUMAN^NGLY1_HUMAN^Q:1-314,H:304-653^31.52%ID^E:2e-49^RecName: Full=Peptide-N(4)-(N-acetyl-beta-glucosaminyl)asparagine amidase;^Eukaryota; Metazoa; Chordata; Craniata; Vertebrata; Euteleostomi; Mammalia; Eutheria; Euarchontoglires; Primates; Haplorrhini; Catarrhini; Hominidae; Homo","PF01841.18^Transglut_core^Transglutaminase-like superfamily^1-34^E:0.00013`PF04721.16^PAW^PNGase C-terminal domain, mannose-binding module PAW^100-181^E:3e-16`PF04721.16^PAW^PNGase C-terminal domain, mannose-binding module PAW^185-312^E:8.4e-28",".",".","ENOG410XP69^Specifically deglycosylates the denatured form of N- linked glycoproteins in the cytoplasm and assists their proteasome-mediated degradation. Cleaves the beta-aspartyl- glucosamine (GlcNAc) of the glycan and the amide side chain of Asn, converting Asn to Asp. Prefers proteins containing high- mannose over those bearing complex type oligosaccharides. Can recognize misfolded proteins in the endoplasmic reticulum that are exported to the cytosol to be destroyed and deglycosylate them, while it has no activity toward native proteins. Deglycosylation is a prerequisite for subsequent proteasome-mediated degradation of some, but not all, misfolded glycoproteins","KEGG:mmu:59007`KO:K01456","GO:0005737^cellular_component^cytoplasm`GO:0005829^cellular_component^cytosol`GO:0005634^cellular_component^nucleus`GO:0046872^molecular_function^metal ion binding`GO:0000224^molecular_function^peptide-N4-(N-acetyl-beta-glucosaminyl)asparagine amidase activity`GO:0006516^biological_process^glycoprotein catabolic process`GO:0006517^biological_process^protein deglycosylation`GO:0006515^biological_process^protein quality control for misfolded or incompletely synthesized proteins","GO:0006516^biological_process^glycoprotein catabolic process`GO:0005737^cellular_component^cytoplasm",".","."
"Mcavernosa09068",26.2394760434985,2.32662947558031,0.66353785447237,3.50640051641121,0.000454211192079148,0.0647433646964105,"Mcavernosa09068","CALU_MOUSE^CALU_MOUSE^Q:3-140,H:181-315^46.38%ID^E:8e-36^RecName: Full=Calumenin;^Eukaryota; Metazoa; Chordata; Craniata; Vertebrata; Euteleostomi; Mammalia; Eutheria; Euarchontoglires; Glires; Rodentia; Myomorpha; Muroidea; Muridae; Murinae; Mus; Mus`CALU_HUMAN^CALU_HUMAN^Q:3-140,H:181-315^46.38%ID^E:8e-36^RecName: Full=Calumenin;^Eukaryota; Metazoa; Chordata; Craniata; Vertebrata; Euteleostomi; Mammalia; Eutheria; Euarchontoglires; Primates; Haplorrhini; Catarrhini; Hominidae; Homo`CALU_RABIT^CALU_RABIT^Q:3-140,H:181-315^46.38%ID^E:9e-36^RecName: Full=Calumenin;^Eukaryota; Metazoa; Chordata; Craniata; Vertebrata; Euteleostomi; Mammalia; Eutheria; Euarchontoglires; Glires; Lagomorpha; Leporidae; Oryctolagus",".","Mcavernosa09068","1-1475[+]","CALU_MOUSE^CALU_MOUSE^Q:3-140,H:181-315^46.38%ID^E:8e-36^RecName: Full=Calumenin;^Eukaryota; Metazoa; Chordata; Craniata; Vertebrata; Euteleostomi; Mammalia; Eutheria; Euarchontoglires; Glires; Rodentia; Myomorpha; Muroidea; Muridae; Murinae; Mus; Mus`CALU_HUMAN^CALU_HUMAN^Q:3-140,H:181-315^46.38%ID^E:8e-36^RecName: Full=Calumenin;^Eukaryota; Metazoa; Chordata; Craniata; Vertebrata; Euteleostomi; Mammalia; Eutheria; Euarchontoglires; Primates; Haplorrhini; Catarrhini; Hominidae; Homo`CALU_RABIT^CALU_RABIT^Q:3-140,H:181-315^46.38%ID^E:9e-36^RecName: Full=Calumenin;^Eukaryota; Metazoa; Chordata; Craniata; Vertebrata; Euteleostomi; Mammalia; Eutheria; Euarchontoglires; Glires; Lagomorpha; Leporidae; Oryctolagus","PF13202.5^EF-hand_5^EF hand^21-35^E:0.1",".",".","ENOG410XRVE^EF-hand calcium binding domain","KEGG:mmu:12321","GO:0005783^cellular_component^endoplasmic reticulum`GO:0005788^cellular_component^endoplasmic reticulum lumen`GO:0005789^cellular_component^endoplasmic reticulum membrane`GO:0005576^cellular_component^extracellular region`GO:0005794^cellular_component^Golgi apparatus`GO:0043231^cellular_component^intracellular membrane-bounded organelle`GO:0042470^cellular_component^melanosome`GO:0033018^cellular_component^sarcoplasmic reticulum lumen`GO:0005509^molecular_function^calcium ion binding`GO:0019899^molecular_function^enzyme binding`GO:0004857^molecular_function^enzyme inhibitor activity","GO:0005509^molecular_function^calcium ion binding",".","."
"Mcavernosa23075",9.09244583297511,4.65625030719985,1.32905928130266,3.50341807374919,0.00045932792521102,0.0647433646964105,"Mcavernosa23075","BM1LA_DANRE^BM1LA_DANRE^Q:1-305,H:1-323^41.96%ID^E:4e-74^RecName: Full=Breast cancer metastasis-suppressor 1-like protein-A;^Eukaryota; Metazoa; Chordata; Craniata; Vertebrata; Euteleostomi; Actinopterygii; Neopterygii; Teleostei; Ostariophysi; Cypriniformes; Cyprinidae; Danio`BRM1L_HUMAN^BRM1L_HUMAN^Q:9-305,H:15-323^42.2%ID^E:3e-70^RecName: Full=Breast cancer metastasis-suppressor 1-like protein;^Eukaryota; Metazoa; Chordata; Craniata; Vertebrata; Euteleostomi; Mammalia; Eutheria; Euarchontoglires; Primates; Haplorrhini; Catarrhini; Hominidae; Homo`BRM1L_BOVIN^BRM1L_BOVIN^Q:9-305,H:15-323^42.2%ID^E:3e-70^RecName: Full=Breast cancer metastasis-suppressor 1-like protein;^Eukaryota; Metazoa; Chordata; Craniata; Vertebrata; Euteleostomi; Mammalia; Eutheria; Laurasiatheria; Cetartiodactyla; Ruminantia; Pecora; Bovidae; Bovinae; Bos",".","Mcavernosa23075","1-954[+]","BM1LA_DANRE^BM1LA_DANRE^Q:1-305,H:1-323^41.96%ID^E:4e-74^RecName: Full=Breast cancer metastasis-suppressor 1-like protein-A;^Eukaryota; Metazoa; Chordata; Craniata; Vertebrata; Euteleostomi; Actinopterygii; Neopterygii; Teleostei; Ostariophysi; Cypriniformes; Cyprinidae; Danio`BRM1L_HUMAN^BRM1L_HUMAN^Q:9-305,H:15-323^42.2%ID^E:3e-70^RecName: Full=Breast cancer metastasis-suppressor 1-like protein;^Eukaryota; Metazoa; Chordata; Craniata; Vertebrata; Euteleostomi; Mammalia; Eutheria; Euarchontoglires; Primates; Haplorrhini; Catarrhini; Hominidae; Homo`BRM1L_BOVIN^BRM1L_BOVIN^Q:9-305,H:15-323^42.2%ID^E:3e-70^RecName: Full=Breast cancer metastasis-suppressor 1-like protein;^Eukaryota; Metazoa; Chordata; Craniata; Vertebrata; Euteleostomi; Mammalia; Eutheria; Laurasiatheria; Cetartiodactyla; Ruminantia; Pecora; Bovidae; Bovinae; Bos","PF08598.10^Sds3^Sds3-like^58-176^E:1.9e-14",".",".","ENOG410Y9N9^Breast cancer metastasis-suppressor","KEGG:dre:792017`KO:K19196","GO:0070822^cellular_component^Sin3-type complex`GO:0042826^molecular_function^histone deacetylase binding`GO:0016575^biological_process^histone deacetylation`GO:0000122^biological_process^negative regulation of transcription by RNA polymerase II`GO:0006351^biological_process^transcription, DNA-templated",".",".","."
"Mcavernosa31691",2.64303179161428,5.20871909148312,1.47592623524231,3.52911884558241,0.000416945840421253,0.0647433646964105,"Mcavernosa31691",".",".","Mcavernosa31691","1-1572[+]",".",".",".",".",".",".",".",".",".","."
"Mcavernosa32188",4.31839373433987,3.13573774981443,0.908116387462711,3.45301306430085,0.000554362154052216,0.0745869079997528,"Mcavernosa32188","CCD91_PONAB^CCD91_PONAB^Q:262-531,H:127-397^30.58%ID^E:8e-22^RecName: Full=Coiled-coil domain-containing protein 91;^Eukaryota; Metazoa; Chordata; Craniata; Vertebrata; Euteleostomi; Mammalia; Eutheria; Euarchontoglires; Primates; Haplorrhini; Catarrhini; Hominidae; Pongo`CCD91_MOUSE^CCD91_MOUSE^Q:265-531,H:131-434^28.85%ID^E:2e-18^RecName: Full=Coiled-coil domain-containing protein 91;^Eukaryota; Metazoa; Chordata; Craniata; Vertebrata; Euteleostomi; Mammalia; Eutheria; Euarchontoglires; Glires; Rodentia; Myomorpha; Muroidea; Muridae; Murinae; Mus; Mus`CCD91_RAT^CCD91_RAT^Q:265-531,H:131-434^27.65%ID^E:1e-17^RecName: Full=Coiled-coil domain-containing protein 91;^Eukaryota; Metazoa; Chordata; Craniata; Vertebrata; Euteleostomi; Mammalia; Eutheria; Euarchontoglires; Glires; Rodentia; Myomorpha; Muroidea; Muridae; Murinae; Rattus",".","Mcavernosa32188","1-1975[+]","CCD91_PONAB^CCD91_PONAB^Q:262-531,H:127-397^30.58%ID^E:8e-22^RecName: Full=Coiled-coil domain-containing protein 91;^Eukaryota; Metazoa; Chordata; Craniata; Vertebrata; Euteleostomi; Mammalia; Eutheria; Euarchontoglires; Primates; Haplorrhini; Catarrhini; Hominidae; Pongo`CCD91_MOUSE^CCD91_MOUSE^Q:265-531,H:131-434^28.85%ID^E:2e-18^RecName: Full=Coiled-coil domain-containing protein 91;^Eukaryota; Metazoa; Chordata; Craniata; Vertebrata; Euteleostomi; Mammalia; Eutheria; Euarchontoglires; Glires; Rodentia; Myomorpha; Muroidea; Muridae; Murinae; Mus; Mus`CCD91_RAT^CCD91_RAT^Q:265-531,H:131-434^27.65%ID^E:1e-17^RecName: Full=Coiled-coil domain-containing protein 91;^Eukaryota; Metazoa; Chordata; Craniata; Vertebrata; Euteleostomi; Mammalia; Eutheria; Euarchontoglires; Glires; Rodentia; Myomorpha; Muroidea; Muridae; Murinae; Rattus",".",".",".",".","KEGG:pon:100174368","GO:0005829^cellular_component^cytosol`GO:0016020^cellular_component^membrane`GO:0005802^cellular_component^trans-Golgi network`GO:0090160^biological_process^Golgi to lysosome transport`GO:0015031^biological_process^protein transport",".",".","."
"Mcavernosa15215",27.4757325746767,3.19067965022857,0.928277672350746,3.43720391566521,0.000587752928669338,0.0756412464722278,"Mcavernosa15215",".",".","Mcavernosa15215","1-793[+]",".",".",".","ExpAA=52.97^PredHel=2^Topology=i48-65o147-169i",".",".",".",".",".","."
"Mcavernosa14172",5.9127373916049,3.57168905034132,1.06486429829114,3.35412601969382,0.000796160943685838,0.0940759456901184,"Mcavernosa14172","IF2B2_PONAB^IF2B2_PONAB^Q:53-407,H:227-534^27.73%ID^E:9e-25^RecName: Full=Insulin-like growth factor 2 mRNA-binding protein 2;^Eukaryota; Metazoa; Chordata; Craniata; Vertebrata; Euteleostomi; Mammalia; Eutheria; Euarchontoglires; Primates; Haplorrhini; Catarrhini; Hominidae; Pongo`IF2B1_DANRE^IF2B1_DANRE^Q:53-413,H:232-563^27.95%ID^E:1e-24^RecName: Full=Insulin-like growth factor 2 mRNA-binding protein 1;^Eukaryota; Metazoa; Chordata; Craniata; Vertebrata; Euteleostomi; Actinopterygii; Neopterygii; Teleostei; Ostariophysi; Cypriniformes; Cyprinidae; Danio`IF23B_XENLA^IF23B_XENLA^Q:53-410,H:238-570^26.72%ID^E:9e-24^RecName: Full=Insulin-like growth factor 2 mRNA-binding protein 3-B;^Eukaryota; Metazoa; Chordata; Craniata; Vertebrata; Euteleostomi; Amphibia; Batrachia; Anura; Pipoidea; Pipidae; Xenopodinae; Xenopus; Xenopus",".","Mcavernosa14172","1-2595[+]","IF2B2_PONAB^IF2B2_PONAB^Q:53-407,H:227-534^27.73%ID^E:9e-25^RecName: Full=Insulin-like growth factor 2 mRNA-binding protein 2;^Eukaryota; Metazoa; Chordata; Craniata; Vertebrata; Euteleostomi; Mammalia; Eutheria; Euarchontoglires; Primates; Haplorrhini; Catarrhini; Hominidae; Pongo`IF2B1_DANRE^IF2B1_DANRE^Q:53-413,H:232-563^27.95%ID^E:1e-24^RecName: Full=Insulin-like growth factor 2 mRNA-binding protein 1;^Eukaryota; Metazoa; Chordata; Craniata; Vertebrata; Euteleostomi; Actinopterygii; Neopterygii; Teleostei; Ostariophysi; Cypriniformes; Cyprinidae; Danio`IF23B_XENLA^IF23B_XENLA^Q:53-410,H:238-570^26.72%ID^E:9e-24^RecName: Full=Insulin-like growth factor 2 mRNA-binding protein 3-B;^Eukaryota; Metazoa; Chordata; Craniata; Vertebrata; Euteleostomi; Amphibia; Batrachia; Anura; Pipoidea; Pipidae; Xenopodinae; Xenopus; Xenopus","PF00013.28^KH_1^KH domain^249-302^E:6.9e-07`PF00013.28^KH_1^KH domain^349-406^E:1.5e-08`PF01463.23^LRRCT^Leucine rich repeat C-terminal domain^410-423^E:1.4",".",".",".","KEGG:pon:100172487`KO:K17392","GO:0005737^cellular_component^cytoplasm`GO:0005856^cellular_component^cytoskeleton`GO:0005634^cellular_component^nucleus`GO:0003730^molecular_function^mRNA 3'-UTR binding`GO:0048027^molecular_function^mRNA 5'-UTR binding`GO:0051028^biological_process^mRNA transport`GO:0006417^biological_process^regulation of translation","GO:0003723^molecular_function^RNA binding",".","."
"Mcavernosa24733",6.38560300748525,4.64539701358322,1.38924984430169,3.34381683225471,0.000826342766196986,0.0940759456901184,"Mcavernosa24733","TECT3_MACFA^TECT3_MACFA^Q:4-159,H:432-574^34.81%ID^E:4e-17^RecName: Full=Tectonic-3;^Eukaryota; Metazoa; Chordata; Craniata; Vertebrata; Euteleostomi; Mammalia; Eutheria; Euarchontoglires; Primates; Haplorrhini; Catarrhini; Cercopithecidae; Cercopithecinae; Macaca`TECT3_MOUSE^TECT3_MOUSE^Q:11-159,H:428-563^33.33%ID^E:4e-15^RecName: Full=Tectonic-3;^Eukaryota; Metazoa; Chordata; Craniata; Vertebrata; Euteleostomi; Mammalia; Eutheria; Euarchontoglires; Glires; Rodentia; Myomorpha; Muroidea; Muridae; Murinae; Mus; Mus`TECT3_HUMAN^TECT3_HUMAN^Q:4-159,H:432-573^34.39%ID^E:5e-15^RecName: Full=Tectonic-3;^Eukaryota; Metazoa; Chordata; Craniata; Vertebrata; Euteleostomi; Mammalia; Eutheria; Euarchontoglires; Primates; Haplorrhini; Catarrhini; Hominidae; Homo",".","Mcavernosa24733","1-1129[+]","TECT3_MACFA^TECT3_MACFA^Q:4-159,H:432-574^34.81%ID^E:4e-17^RecName: Full=Tectonic-3;^Eukaryota; Metazoa; Chordata; Craniata; Vertebrata; Euteleostomi; Mammalia; Eutheria; Euarchontoglires; Primates; Haplorrhini; Catarrhini; Cercopithecidae; Cercopithecinae; Macaca`TECT3_MOUSE^TECT3_MOUSE^Q:11-159,H:428-563^33.33%ID^E:4e-15^RecName: Full=Tectonic-3;^Eukaryota; Metazoa; Chordata; Craniata; Vertebrata; Euteleostomi; Mammalia; Eutheria; Euarchontoglires; Glires; Rodentia; Myomorpha; Muroidea; Muridae; Murinae; Mus; Mus`TECT3_HUMAN^TECT3_HUMAN^Q:4-159,H:432-573^34.39%ID^E:5e-15^RecName: Full=Tectonic-3;^Eukaryota; Metazoa; Chordata; Craniata; Vertebrata; Euteleostomi; Mammalia; Eutheria; Euarchontoglires; Primates; Haplorrhini; Catarrhini; Hominidae; Homo",".",".",".",".","KEGG:mcf:101865925`KO:K19382","GO:0016021^cellular_component^integral component of membrane`GO:0006915^biological_process^apoptotic process`GO:0060271^biological_process^cilium assembly`GO:0007224^biological_process^smoothened signaling pathway",".",".","."
"Mcavernosa07840",4.32038354423934,4.87400816631308,1.46458872098845,3.32790229534448,0.00087502549152531,0.0959287205524044,"Mcavernosa07840","DCXR_MESAU^DCXR_MESAU^Q:1-58,H:186-243^67.24%ID^E:3e-20^RecName: Full=L-xylulose reductase;^Eukaryota; Metazoa; Chordata; Craniata; Vertebrata; Euteleostomi; Mammalia; Eutheria; Euarchontoglires; Glires; Rodentia; Myomorpha; Muroidea; Cricetidae; Cricetinae; Mesocricetus`DCXR_BOVIN^DCXR_BOVIN^Q:1-57,H:186-242^64.91%ID^E:1e-19^RecName: Full=L-xylulose reductase;^Eukaryota; Metazoa; Chordata; Craniata; Vertebrata; Euteleostomi; Mammalia; Eutheria; Laurasiatheria; Cetartiodactyla; Ruminantia; Pecora; Bovidae; Bovinae; Bos`DCXR_CAVPO^DCXR_CAVPO^Q:1-57,H:186-242^64.91%ID^E:2e-19^RecName: Full=L-xylulose reductase;^Eukaryota; Metazoa; Chordata; Craniata; Vertebrata; Euteleostomi; Mammalia; Eutheria; Euarchontoglires; Glires; Rodentia; Hystricomorpha; Caviidae; Cavia",".","Mcavernosa07840","1-1016[+]","DCXR_MESAU^DCXR_MESAU^Q:1-58,H:186-243^67.24%ID^E:3e-20^RecName: Full=L-xylulose reductase;^Eukaryota; Metazoa; Chordata; Craniata; Vertebrata; Euteleostomi; Mammalia; Eutheria; Euarchontoglires; Glires; Rodentia; Myomorpha; Muroidea; Cricetidae; Cricetinae; Mesocricetus`DCXR_BOVIN^DCXR_BOVIN^Q:1-57,H:186-242^64.91%ID^E:1e-19^RecName: Full=L-xylulose reductase;^Eukaryota; Metazoa; Chordata; Craniata; Vertebrata; Euteleostomi; Mammalia; Eutheria; Laurasiatheria; Cetartiodactyla; Ruminantia; Pecora; Bovidae; Bovinae; Bos`DCXR_CAVPO^DCXR_CAVPO^Q:1-57,H:186-242^64.91%ID^E:2e-19^RecName: Full=L-xylulose reductase;^Eukaryota; Metazoa; Chordata; Craniata; Vertebrata; Euteleostomi; Mammalia; Eutheria; Euarchontoglires; Glires; Rodentia; Hystricomorpha; Caviidae; Cavia","PF13561.5^adh_short_C2^Enoyl-(Acyl carrier protein) reductase^13-55^E:2.1e-09",".",".",".",".","GO:0001669^cellular_component^acrosomal vesicle`GO:0005903^cellular_component^brush border`GO:0005881^cellular_component^cytoplasmic microtubule`GO:0016020^cellular_component^membrane`GO:0005902^cellular_component^microvillus`GO:0042802^molecular_function^identical protein binding`GO:0044105^molecular_function^L-xylulose reductase (NAD+) activity`GO:0050038^molecular_function^L-xylulose reductase (NADP+) activity`GO:0016655^molecular_function^oxidoreductase activity, acting on NAD(P)H, quinone or similar compound as acceptor`GO:0042732^biological_process^D-xylose metabolic process`GO:0006006^biological_process^glucose metabolic process`GO:0006739^biological_process^NADP metabolic process`GO:0051289^biological_process^protein homotetramerization`GO:0005997^biological_process^xylulose metabolic process",".",".","."
